+ env IO_POCKET_IC_SERVER_URL=http://127.0.0.1:35443 IO_POCKET_IC_INSTANCE_ID=0 IO_LOCAL_SNS_GOVERNANCE_ID=7uieb-cx777-77776-qaaaq-cai IO_LOCAL_STREAM_MANAGER_ID=lxzze-o7777-77777-aaaaa-cai IO_LOCAL_HISTORIAN_ID=lz3um-vp777-77777-aaaba-cai IO_LOCAL_HISTORIAN_SETTLE_SECONDS=60 IO_LOCAL_REWARD_ADVANCE_SECONDS=86400 IO_LOCAL_REWARD_RESUME=1 IO_LOCAL_REWARD_CANONICAL_TWO_EVENT=1 IO_LOCAL_REWARD_PROPOSER_PRINCIPAL=amzih-bssz4-twanl-zf6nr-bqsnn-d7rlt-eerbc-oe7vv-uggn5-3naqo-3ae IO_LOCAL_REWARD_NEURON_SUBACCOUNT_HEX=5da380ea306e3c2bdc235a4a91e7730ccfc4e164c864ae62137088b6dfc3f6bd cargo run -p e2e-real-canisters --bin observe_existing_reward
    Finished `dev` profile [unoptimized + debuginfo] target(s) in 1.12s
     Running `target/debug/observe_existing_reward`
advanced_pocketic_seconds=86400
warmup_latest_reward_event=SnsRewardEvent {
    rounds_since_last_distribution: Some(
        1,
    ),
    actual_timestamp_seconds: 1787861826,
    end_timestamp_seconds: Some(
        1787861556,
    ),
    total_available_e8s_equivalent: Some(
        0,
    ),
    distributed_e8s_equivalent: 0,
    round: 1,
    settled_proposals: [
        SnsProposalIdRecord {
            id: 4,
        },
        SnsProposalIdRecord {
            id: 5,
        },
        SnsProposalIdRecord {
            id: 10,
        },
    ],
}
warmup_neuron=5da380ea306e3c2bdc235a4a91e7730ccfc4e164c864ae62137088b6dfc3f6bd stake_e8s=10000000000000 maturity_e8s=0 dissolve_state=Some(DissolveDelaySeconds(1209600)) participation=Some(SnsRewardEventParticipation { reward_event_end_timestamp_seconds: 1787861556, reward_shares: Some(SnsUint128 { high: 0, low: 30000000000000 }) })
warmup_neuron=77f7c520da6af220f0cd871b5c55ce33939b7364aca0e19f8121030e62188efe stake_e8s=4999999990000 maturity_e8s=0 dissolve_state=Some(DissolveDelaySeconds(0)) participation=None
warmup_neuron=f4ab3c36438731d12d721786b1935a900801512f7735e32a30cb245e1b82934e stake_e8s=4999999990000 maturity_e8s=0 dissolve_state=Some(DissolveDelaySeconds(1209600)) participation=Some(SnsRewardEventParticipation { reward_event_end_timestamp_seconds: 1787861556, reward_shares: Some(SnsUint128 { high: 0, low: 14999999970000 }) })
stream_status_before=Status {
    lifecycle: Ready,
    operation_kind: None,
    operation_phase: None,
    next_operation_sequence: 2,
    latest_entitlement_batch_generation: 0,
    latest_processed_reward_event: Some(
        RewardEventId {
            end_timestamp_seconds: 1787775156,
            round: 0,
        },
    ),
    latest_reward_event_classification: None,
    accumulated_entitlements: [],
    accumulated_eligible_credit: 0,
    accumulated_policy_credit: 0,
    processed_reward_event_count: 0,
    missed_reward_event_count: 0,
    reward_work_due: false,
    reward_processing_paused: true,
    governance_parameters_fresh: false,
    pending_entitlement_batch_eligible_credit: None,
    pending_entitlement_batch_policy_credit: None,
    latest_reconciliation_checkpoint: None,
    prepared_exit_generation: None,
    prepared_exit_member_count: 0,
    committed_exit_member_count: 0,
}
controlled_reward_recovery_pause=Ok(
    (),
)
controlled_reward_recovery_ready=Ok(
    (),
)
resume_reward_work=Ok(
    RewardEventObservation {
        event: RewardEventId {
            end_timestamp_seconds: 1787861556,
            round: 1,
        },
        proposal_count: 3,
        classification: ZeroEligibleParticipation,
        policy_credit: 1000000000000000000,
        eligible_credit_total: 0,
        observed_at_nanos: 1787861829258870609,
    },
)
canonical_reconciliation_resume[0]=Ok(
    BackingReconciliation,
)
canonical_reconciliation_resume[1]=Ok(
    BackingReconciliation,
)
canonical_reconciliation_resume[2]=Ok(
    BackingReconciliation,
)
canonical_reconciliation_resume[3]=Ok(
    BackingReconciliation,
)
canonical_reconciliation_resume[4]=Err(
    Invalid(
        "NNS resume rejected",
    ),
)
canonical_reconciliation_retryable_nns_rejection=NNS resume rejected
canonical_reconciliation_resume[5]=Err(
    Invalid(
        "NNS resume rejected",
    ),
)
canonical_reconciliation_retryable_nns_rejection=NNS resume rejected
canonical_reconciliation_resume[6]=Err(
    Invalid(
        "NNS resume rejected",
    ),
)
canonical_reconciliation_retryable_nns_rejection=NNS resume rejected
canonical_reconciliation_resume[7]=Ok(
    BackingReconciliation,
)
canonical_reconciliation_idle_after_attempt=8
controlled_reward_recovery_pause=Ok(
    (),
)
controlled_reward_recovery_ready=Ok(
    (),
)
canonical_structural_refresh=Ok(
    RewardEventObservation {
        event: RewardEventId {
            end_timestamp_seconds: 1787861556,
            round: 1,
        },
        proposal_count: 3,
        classification: StructuralOnly,
        policy_credit: 0,
        eligible_credit_total: 0,
        observed_at_nanos: 1787861838386113447,
    },
)
canonical_reward_proposal_id=11
canonical_reward_advanced_pocketic_seconds=86400
canonical_reward_observation_margin_seconds=300
canonical_latest_reward_event=SnsRewardEvent {
    rounds_since_last_distribution: Some(
        1,
    ),
    actual_timestamp_seconds: 1787948539,
    end_timestamp_seconds: Some(
        1787947956,
    ),
    total_available_e8s_equivalent: Some(
        0,
    ),
    distributed_e8s_equivalent: 0,
    round: 2,
    settled_proposals: [
        SnsProposalIdRecord {
            id: 11,
        },
    ],
}
canonical_neuron=5da380ea306e3c2bdc235a4a91e7730ccfc4e164c864ae62137088b6dfc3f6bd stake_e8s=10000000000000 maturity_e8s=0 dissolve_state=Some(DissolveDelaySeconds(1209600)) participation=Some(SnsRewardEventParticipation { reward_event_end_timestamp_seconds: 1787947956, reward_shares: Some(SnsUint128 { high: 0, low: 10000000000000 }) })
canonical_neuron=77f7c520da6af220f0cd871b5c55ce33939b7364aca0e19f8121030e62188efe stake_e8s=4999999990000 maturity_e8s=0 dissolve_state=Some(DissolveDelaySeconds(0)) participation=None
canonical_neuron=f4ab3c36438731d12d721786b1935a900801512f7735e32a30cb245e1b82934e stake_e8s=4999999990000 maturity_e8s=0 dissolve_state=Some(DissolveDelaySeconds(1209600)) participation=Some(SnsRewardEventParticipation { reward_event_end_timestamp_seconds: 1787947956, reward_shares: Some(SnsUint128 { high: 0, low: 4999999990000 }) })
canonical_stream_status_before=Status {
    lifecycle: Ready,
    operation_kind: None,
    operation_phase: None,
    next_operation_sequence: 2,
    latest_entitlement_batch_generation: 0,
    latest_processed_reward_event: Some(
        RewardEventId {
            end_timestamp_seconds: 1787947956,
            round: 2,
        },
    ),
    latest_reward_event_classification: Some(
        ProposalBearing,
    ),
    accumulated_entitlements: [
        FrozenEntitlement {
            sns_neuron_id: [
                93,
                163,
                128,
                234,
                48,
                110,
                60,
                43,
                220,
                35,
                90,
                74,
                145,
                231,
                115,
                12,
                207,
                196,
                225,
                100,
                200,
                100,
                174,
                98,
                19,
                112,
                136,
                182,
                223,
                195,
                246,
                189,
            ],
            destination: Account {
                owner: Principal {
                    len: 10,
                    bytes: [
                        255,
                        255,
                        255,
                        255,
                        255,
                        208,
                        0,
                        1,
                        1,
                        1,
                        0,
                        0,
                        0,
                        0,
                        0,
                        0,
                        0,
                        0,
                        0,
                        0,
                        0,
                        0,
                        0,
                        0,
                        0,
                        0,
                        0,
                        0,
                        0,
                    ],
                },
                subaccount: Some(
                    [
                        93,
                        163,
                        128,
                        234,
                        48,
                        110,
                        60,
                        43,
                        220,
                        35,
                        90,
                        74,
                        145,
                        231,
                        115,
                        12,
                        207,
                        196,
                        225,
                        100,
                        200,
                        100,
                        174,
                        98,
                        19,
                        112,
                        136,
                        182,
                        223,
                        195,
                        246,
                        189,
                    ],
                ),
            },
            accumulated_eligible_credit: 666666667111111111,
        },
        FrozenEntitlement {
            sns_neuron_id: [
                244,
                171,
                60,
                54,
                67,
                135,
                49,
                209,
                45,
                114,
                23,
                134,
                177,
                147,
                90,
                144,
                8,
                1,
                81,
                47,
                119,
                53,
                227,
                42,
                48,
                203,
                36,
                94,
                27,
                130,
                147,
                78,
            ],
            destination: Account {
                owner: Principal {
                    len: 10,
                    bytes: [
                        255,
                        255,
                        255,
                        255,
                        255,
                        208,
                        0,
                        1,
                        1,
                        1,
                        0,
                        0,
                        0,
                        0,
                        0,
                        0,
                        0,
                        0,
                        0,
                        0,
                        0,
                        0,
                        0,
                        0,
                        0,
                        0,
                        0,
                        0,
                        0,
                    ],
                },
                subaccount: Some(
                    [
                        244,
                        171,
                        60,
                        54,
                        67,
                        135,
                        49,
                        209,
                        45,
                        114,
                        23,
                        134,
                        177,
                        147,
                        90,
                        144,
                        8,
                        1,
                        81,
                        47,
                        119,
                        53,
                        227,
                        42,
                        48,
                        203,
                        36,
                        94,
                        27,
                        130,
                        147,
                        78,
                    ],
                ),
            },
            accumulated_eligible_credit: 333333332888888888,
        },
    ],
    accumulated_eligible_credit: 999999999999999999,
    accumulated_policy_credit: 2000000000000000000,
    processed_reward_event_count: 2,
    missed_reward_event_count: 0,
    reward_work_due: false,
    reward_processing_paused: false,
    governance_parameters_fresh: true,
    pending_entitlement_batch_eligible_credit: None,
    pending_entitlement_batch_policy_credit: None,
    latest_reconciliation_checkpoint: Some(
        ReconciliationCheckpoint {
            generation: 3,
            event_marker: 2,
            observed_at_nanos: 1787948539979088360,
            claim_supply_e8s: 20000079950000,
            liquid_backing_e8s: 25000274858627,
            pooled_backing_e8s: 74999625131873,
            unwinding_backing_e8s: 0,
            transit_backing_e8s: 0,
            total_claim_backing_e8s: 99999899990500,
            active_backing_io_e8s: 14999999990000,
            active_reward_io_e8s: 14999999990000,
            live_cohort_count: 0,
            oldest_ready_at_seconds: None,
            pooled_target_e8s: 74999625131873,
            observed_pooled_e8s: 74999625131873,
            snapshot_fingerprint: [
                189,
                237,
                96,
                79,
                203,
                1,
                212,
                226,
                55,
                113,
                165,
                229,
                189,
                153,
                109,
                44,
                23,
                250,
                159,
                194,
                153,
                3,
                15,
                50,
                94,
                197,
                40,
                21,
                9,
                102,
                92,
                179,
            ],
        },
    ),
    prepared_exit_generation: None,
    prepared_exit_member_count: 0,
    committed_exit_member_count: 0,
}
canonical_reward_already_processed=true
stream_status_after=Status {
    lifecycle: Ready,
    operation_kind: None,
    operation_phase: None,
    next_operation_sequence: 2,
    latest_entitlement_batch_generation: 0,
    latest_processed_reward_event: Some(
        RewardEventId {
            end_timestamp_seconds: 1787947956,
            round: 2,
        },
    ),
    latest_reward_event_classification: Some(
        ProposalBearing,
    ),
    accumulated_entitlements: [
        FrozenEntitlement {
            sns_neuron_id: [
                93,
                163,
                128,
                234,
                48,
                110,
                60,
                43,
                220,
                35,
                90,
                74,
                145,
                231,
                115,
                12,
                207,
                196,
                225,
                100,
                200,
                100,
                174,
                98,
                19,
                112,
                136,
                182,
                223,
                195,
                246,
                189,
            ],
            destination: Account {
                owner: Principal {
                    len: 10,
                    bytes: [
                        255,
                        255,
                        255,
                        255,
                        255,
                        208,
                        0,
                        1,
                        1,
                        1,
                        0,
                        0,
                        0,
                        0,
                        0,
                        0,
                        0,
                        0,
                        0,
                        0,
                        0,
                        0,
                        0,
                        0,
                        0,
                        0,
                        0,
                        0,
                        0,
                    ],
                },
                subaccount: Some(
                    [
                        93,
                        163,
                        128,
                        234,
                        48,
                        110,
                        60,
                        43,
                        220,
                        35,
                        90,
                        74,
                        145,
                        231,
                        115,
                        12,
                        207,
                        196,
                        225,
                        100,
                        200,
                        100,
                        174,
                        98,
                        19,
                        112,
                        136,
                        182,
                        223,
                        195,
                        246,
                        189,
                    ],
                ),
            },
            accumulated_eligible_credit: 666666667111111111,
        },
        FrozenEntitlement {
            sns_neuron_id: [
                244,
                171,
                60,
                54,
                67,
                135,
                49,
                209,
                45,
                114,
                23,
                134,
                177,
                147,
                90,
                144,
                8,
                1,
                81,
                47,
                119,
                53,
                227,
                42,
                48,
                203,
                36,
                94,
                27,
                130,
                147,
                78,
            ],
            destination: Account {
                owner: Principal {
                    len: 10,
                    bytes: [
                        255,
                        255,
                        255,
                        255,
                        255,
                        208,
                        0,
                        1,
                        1,
                        1,
                        0,
                        0,
                        0,
                        0,
                        0,
                        0,
                        0,
                        0,
                        0,
                        0,
                        0,
                        0,
                        0,
                        0,
                        0,
                        0,
                        0,
                        0,
                        0,
                    ],
                },
                subaccount: Some(
                    [
                        244,
                        171,
                        60,
                        54,
                        67,
                        135,
                        49,
                        209,
                        45,
                        114,
                        23,
                        134,
                        177,
                        147,
                        90,
                        144,
                        8,
                        1,
                        81,
                        47,
                        119,
                        53,
                        227,
                        42,
                        48,
                        203,
                        36,
                        94,
                        27,
                        130,
                        147,
                        78,
                    ],
                ),
            },
            accumulated_eligible_credit: 333333332888888888,
        },
    ],
    accumulated_eligible_credit: 999999999999999999,
    accumulated_policy_credit: 2000000000000000000,
    processed_reward_event_count: 2,
    missed_reward_event_count: 0,
    reward_work_due: false,
    reward_processing_paused: false,
    governance_parameters_fresh: true,
    pending_entitlement_batch_eligible_credit: None,
    pending_entitlement_batch_policy_credit: None,
    latest_reconciliation_checkpoint: Some(
        ReconciliationCheckpoint {
            generation: 3,
            event_marker: 2,
            observed_at_nanos: 1787948539979088360,
            claim_supply_e8s: 20000079950000,
            liquid_backing_e8s: 25000274858627,
            pooled_backing_e8s: 74999625131873,
            unwinding_backing_e8s: 0,
            transit_backing_e8s: 0,
            total_claim_backing_e8s: 99999899990500,
            active_backing_io_e8s: 14999999990000,
            active_reward_io_e8s: 14999999990000,
            live_cohort_count: 0,
            oldest_ready_at_seconds: None,
            pooled_target_e8s: 74999625131873,
            observed_pooled_e8s: 74999625131873,
            snapshot_fingerprint: [
                189,
                237,
                96,
                79,
                203,
                1,
                212,
                226,
                55,
                113,
                165,
                229,
                189,
                153,
                109,
                44,
                23,
                250,
                159,
                194,
                153,
                3,
                15,
                50,
                94,
                197,
                40,
                21,
                9,
                102,
                92,
                179,
            ],
        },
    ),
    prepared_exit_generation: None,
    prepared_exit_member_count: 0,
    committed_exit_member_count: 0,
}
historian_settle_seconds=60
historian_dashboard=Dashboard {
    status: PublicStatus {
        version: "0.1.0",
        schema_version: 1,
        configured: true,
        refresh_active: false,
        refresh_generation: 3,
        last_attempt_timestamp_nanos: Some(
            1787948603959673443,
        ),
        last_success_timestamp_nanos: Some(
            1787948603959673443,
        ),
    },
    protocol: ProtocolSnapshot {
        generation: 3,
        total_io_supply_e8s: Some(
            99999999930000,
        ),
        protocol_reserve_io_e8s: Some(
            10020000000,
        ),
        nonredeemable_governance_io_e8s: Some(
            79989899980000,
        ),
        claim_io_supply_e8s: Some(
            20000079950000,
        ),
        liquid_claim_backing_e8s: Some(
            25000274858627,
        ),
        pooled_parent_principal_e8s: Some(
            74999625131873,
        ),
        live_child_net_backing_e8s: Some(
            0,
        ),
        in_transit_backing_e8s: Some(
            0,
        ),
        total_claim_backing_e8s: Some(
            99999899990500,
        ),
        claim_rate: Some(
            ClaimRateSnapshot {
                backing_numerator_e8s: 99999899990500,
                claim_denominator_e8s: 20000079950000,
                available_liquid_e8s: 25000274858627,
                observed_at_timestamp_nanos: 1787948539979088360,
            },
        ),
        active_backing_io_e8s: Some(
            14999999990000,
        ),
        active_reward_io_e8s: Some(
            14999999990000,
        ),
        pooled_target_e8s: Some(
            74999625131873,
        ),
        pooled_target_delta: Some(
            AtTarget,
        ),
        live_cohort_count: Some(
            0,
        ),
        oldest_ready_at_seconds: None,
        permanent_productive_capital_e8s: Some(
            100000000,
        ),
        observed_at_timestamp_nanos: Some(
            1787948603959673443,
        ),
        completeness: DataCompleteness {
            total_io_supply: true,
            protocol_reserve_io: true,
            nonredeemable_governance_io: true,
            claim_io_supply: true,
            claim_backing: true,
            active_backing_io: true,
            active_reward_io: true,
            claim_rate: true,
        },
    },
    source_health: [
        SourceHealth {
            source: "protocol",
            freshness: Fresh,
            last_attempt_timestamp_nanos: Some(
                1787948603959673443,
            ),
            last_success_timestamp_nanos: Some(
                1787948603959673443,
            ),
            error: None,
        },
        SourceHealth {
            source: "stream",
            freshness: Fresh,
            last_attempt_timestamp_nanos: Some(
                1787948603959673443,
            ),
            last_success_timestamp_nanos: Some(
                1787948603959673443,
            ),
            error: None,
        },
        SourceHealth {
            source: "nns-manager",
            freshness: Fresh,
            last_attempt_timestamp_nanos: Some(
                1787948603959673443,
            ),
            last_success_timestamp_nanos: Some(
                1787948603959673443,
            ),
            error: None,
        },
        SourceHealth {
            source: "nns-governance",
            freshness: Fresh,
            last_attempt_timestamp_nanos: Some(
                1787948603959673443,
            ),
            last_success_timestamp_nanos: Some(
                1787948603959673443,
            ),
            error: None,
        },
        SourceHealth {
            source: "sns-root",
            freshness: Fresh,
            last_attempt_timestamp_nanos: Some(
                1787948603959673443,
            ),
            last_success_timestamp_nanos: Some(
                1787948603959673443,
            ),
            error: None,
        },
        SourceHealth {
            source: "sns-governance",
            freshness: Fresh,
            last_attempt_timestamp_nanos: Some(
                1787948603959673443,
            ),
            last_success_timestamp_nanos: Some(
                1787948603959673443,
            ),
            error: None,
        },
        SourceHealth {
            source: "sns-index",
            freshness: Fresh,
            last_attempt_timestamp_nanos: Some(
                1787948603959673443,
            ),
            last_success_timestamp_nanos: Some(
                1787948603959673443,
            ),
            error: None,
        },
    ],
    canisters: [
        CanisterObservation {
            role: StreamManager,
            canister_id: Principal {
                len: 10,
                bytes: [
                    255,
                    255,
                    255,
                    255,
                    255,
                    224,
                    0,
                    0,
                    1,
                    1,
                    0,
                    0,
                    0,
                    0,
                    0,
                    0,
                    0,
                    0,
                    0,
                    0,
                    0,
                    0,
                    0,
                    0,
                    0,
                    0,
                    0,
                    0,
                    0,
                ],
            },
            expected_module_hash: [
                180,
                217,
                217,
                41,
                58,
                138,
                195,
                85,
                30,
                27,
                109,
                199,
                107,
                127,
                61,
                61,
                30,
                81,
                21,
                239,
                102,
                217,
                7,
                245,
                142,
                33,
                205,
                200,
                23,
                7,
                19,
                31,
            ],
            observed_module_hash: Some(
                [
                    180,
                    217,
                    217,
                    41,
                    58,
                    138,
                    195,
                    85,
                    30,
                    27,
                    109,
                    199,
                    107,
                    127,
                    61,
                    61,
                    30,
                    81,
                    21,
                    239,
                    102,
                    217,
                    7,
                    245,
                    142,
                    33,
                    205,
                    200,
                    23,
                    7,
                    19,
                    31,
                ],
            ),
            module_match: Matching,
            controllers: Some(
                [
                    Principal {
                        len: 10,
                        bytes: [
                            255,
                            255,
                            255,
                            255,
                            255,
                            208,
                            0,
                            0,
                            1,
                            1,
                            0,
                            0,
                            0,
                            0,
                            0,
                            0,
                            0,
                            0,
                            0,
                            0,
                            0,
                            0,
                            0,
                            0,
                            0,
                            0,
                            0,
                            0,
                            0,
                        ],
                    },
                ],
            ),
            observed_at_timestamp_nanos: 1787948603959673443,
        },
        CanisterObservation {
            role: NnsManager,
            canister_id: Principal {
                len: 10,
                bytes: [
                    255,
                    255,
                    255,
                    255,
                    255,
                    224,
                    0,
                    1,
                    1,
                    1,
                    0,
                    0,
                    0,
                    0,
                    0,
                    0,
                    0,
                    0,
                    0,
                    0,
                    0,
                    0,
                    0,
                    0,
                    0,
                    0,
                    0,
                    0,
                    0,
                ],
            },
            expected_module_hash: [
                172,
                176,
                146,
                59,
                137,
                92,
                150,
                169,
                8,
                122,
                29,
                105,
                130,
                235,
                186,
                67,
                158,
                156,
                24,
                252,
                2,
                72,
                109,
                214,
                173,
                28,
                103,
                1,
                144,
                21,
                4,
                159,
            ],
            observed_module_hash: Some(
                [
                    172,
                    176,
                    146,
                    59,
                    137,
                    92,
                    150,
                    169,
                    8,
                    122,
                    29,
                    105,
                    130,
                    235,
                    186,
                    67,
                    158,
                    156,
                    24,
                    252,
                    2,
                    72,
                    109,
                    214,
                    173,
                    28,
                    103,
                    1,
                    144,
                    21,
                    4,
                    159,
                ],
            ),
            module_match: Matching,
            controllers: Some(
                [
                    Principal {
                        len: 10,
                        bytes: [
                            255,
                            255,
                            255,
                            255,
                            255,
                            208,
                            0,
                            0,
                            1,
                            1,
                            0,
                            0,
                            0,
                            0,
                            0,
                            0,
                            0,
                            0,
                            0,
                            0,
                            0,
                            0,
                            0,
                            0,
                            0,
                            0,
                            0,
                            0,
                            0,
                        ],
                    },
                ],
            ),
            observed_at_timestamp_nanos: 1787948603959673443,
        },
        CanisterObservation {
            role: Historian,
            canister_id: Principal {
                len: 10,
                bytes: [
                    255,
                    255,
                    255,
                    255,
                    255,
                    224,
                    0,
                    2,
                    1,
                    1,
                    0,
                    0,
                    0,
                    0,
                    0,
                    0,
                    0,
                    0,
                    0,
                    0,
                    0,
                    0,
                    0,
                    0,
                    0,
                    0,
                    0,
                    0,
                    0,
                ],
            },
            expected_module_hash: [
                82,
                247,
                201,
                66,
                124,
                209,
                44,
                87,
                195,
                45,
                137,
                244,
                130,
                31,
                79,
                117,
                199,
                174,
                112,
                8,
                235,
                72,
                138,
                211,
                114,
                246,
                27,
                57,
                229,
                14,
                28,
                54,
            ],
            observed_module_hash: Some(
                [
                    82,
                    247,
                    201,
                    66,
                    124,
                    209,
                    44,
                    87,
                    195,
                    45,
                    137,
                    244,
                    130,
                    31,
                    79,
                    117,
                    199,
                    174,
                    112,
                    8,
                    235,
                    72,
                    138,
                    211,
                    114,
                    246,
                    27,
                    57,
                    229,
                    14,
                    28,
                    54,
                ],
            ),
            module_match: Matching,
            controllers: Some(
                [
                    Principal {
                        len: 10,
                        bytes: [
                            255,
                            255,
                            255,
                            255,
                            255,
                            208,
                            0,
                            0,
                            1,
                            1,
                            0,
                            0,
                            0,
                            0,
                            0,
                            0,
                            0,
                            0,
                            0,
                            0,
                            0,
                            0,
                            0,
                            0,
                            0,
                            0,
                            0,
                            0,
                            0,
                        ],
                    },
                ],
            ),
            observed_at_timestamp_nanos: 1787948603959673443,
        },
        CanisterObservation {
            role: Frontend,
            canister_id: Principal {
                len: 10,
                bytes: [
                    255,
                    255,
                    255,
                    255,
                    255,
                    224,
                    0,
                    3,
                    1,
                    1,
                    0,
                    0,
                    0,
                    0,
                    0,
                    0,
                    0,
                    0,
                    0,
                    0,
                    0,
                    0,
                    0,
                    0,
                    0,
                    0,
                    0,
                    0,
                    0,
                ],
            },
            expected_module_hash: [
                240,
                8,
                89,
                73,
                66,
                23,
                208,
                173,
                53,
                214,
                208,
                65,
                85,
                232,
                124,
                48,
                229,
                122,
                175,
                243,
                12,
                107,
                77,
                136,
                103,
                200,
                104,
                10,
                97,
                145,
                94,
                119,
            ],
            observed_module_hash: Some(
                [
                    240,
                    8,
                    89,
                    73,
                    66,
                    23,
                    208,
                    173,
                    53,
                    214,
                    208,
                    65,
                    85,
                    232,
                    124,
                    48,
                    229,
                    122,
                    175,
                    243,
                    12,
                    107,
                    77,
                    136,
                    103,
                    200,
                    104,
                    10,
                    97,
                    145,
                    94,
                    119,
                ],
            ),
            module_match: Matching,
            controllers: Some(
                [
                    Principal {
                        len: 10,
                        bytes: [
                            255,
                            255,
                            255,
                            255,
                            255,
                            208,
                            0,
                            0,
                            1,
                            1,
                            0,
                            0,
                            0,
                            0,
                            0,
                            0,
                            0,
                            0,
                            0,
                            0,
                            0,
                            0,
                            0,
                            0,
                            0,
                            0,
                            0,
                            0,
                            0,
                        ],
                    },
                ],
            ),
            observed_at_timestamp_nanos: 1787948603959673443,
        },
        CanisterObservation {
            role: SnsGovernance,
            canister_id: Principal {
                len: 10,
                bytes: [
                    255,
                    255,
                    255,
                    255,
                    255,
                    208,
                    0,
                    1,
                    1,
                    1,
                    0,
                    0,
                    0,
                    0,
                    0,
                    0,
                    0,
                    0,
                    0,
                    0,
                    0,
                    0,
                    0,
                    0,
                    0,
                    0,
                    0,
                    0,
                    0,
                ],
            },
            expected_module_hash: [
                230,
                59,
                253,
                71,
                107,
                213,
                120,
                73,
                253,
                12,
                140,
                16,
                18,
                186,
                222,
                34,
                114,
                100,
                171,
                7,
                158,
                158,
                188,
                97,
                121,
                91,
                150,
                158,
                22,
                223,
                10,
                164,
            ],
            observed_module_hash: Some(
                [
                    230,
                    59,
                    253,
                    71,
                    107,
                    213,
                    120,
                    73,
                    253,
                    12,
                    140,
                    16,
                    18,
                    186,
                    222,
                    34,
                    114,
                    100,
                    171,
                    7,
                    158,
                    158,
                    188,
                    97,
                    121,
                    91,
                    150,
                    158,
                    22,
                    223,
                    10,
                    164,
                ],
            ),
            module_match: Matching,
            controllers: Some(
                [
                    Principal {
                        len: 10,
                        bytes: [
                            255,
                            255,
                            255,
                            255,
                            255,
                            208,
                            0,
                            0,
                            1,
                            1,
                            0,
                            0,
                            0,
                            0,
                            0,
                            0,
                            0,
                            0,
                            0,
                            0,
                            0,
                            0,
                            0,
                            0,
                            0,
                            0,
                            0,
                            0,
                            0,
                        ],
                    },
                ],
            ),
            observed_at_timestamp_nanos: 1787948603959673443,
        },
        CanisterObservation {
            role: SnsRoot,
            canister_id: Principal {
                len: 10,
                bytes: [
                    255,
                    255,
                    255,
                    255,
                    255,
                    208,
                    0,
                    0,
                    1,
                    1,
                    0,
                    0,
                    0,
                    0,
                    0,
                    0,
                    0,
                    0,
                    0,
                    0,
                    0,
                    0,
                    0,
                    0,
                    0,
                    0,
                    0,
                    0,
                    0,
                ],
            },
            expected_module_hash: [
                90,
                199,
                117,
                175,
                116,
                133,
                232,
                203,
                32,
                189,
                73,
                221,
                54,
                138,
                42,
                33,
                248,
                110,
                23,
                74,
                107,
                186,
                184,
                193,
                231,
                39,
                139,
                171,
                234,
                224,
                111,
                131,
            ],
            observed_module_hash: Some(
                [
                    90,
                    199,
                    117,
                    175,
                    116,
                    133,
                    232,
                    203,
                    32,
                    189,
                    73,
                    221,
                    54,
                    138,
                    42,
                    33,
                    248,
                    110,
                    23,
                    74,
                    107,
                    186,
                    184,
                    193,
                    231,
                    39,
                    139,
                    171,
                    234,
                    224,
                    111,
                    131,
                ],
            ),
            module_match: Matching,
            controllers: Some(
                [
                    Principal {
                        len: 10,
                        bytes: [
                            255,
                            255,
                            255,
                            255,
                            255,
                            208,
                            0,
                            1,
                            1,
                            1,
                            0,
                            0,
                            0,
                            0,
                            0,
                            0,
                            0,
                            0,
                            0,
                            0,
                            0,
                            0,
                            0,
                            0,
                            0,
                            0,
                            0,
                            0,
                            0,
                        ],
                    },
                ],
            ),
            observed_at_timestamp_nanos: 1787948603959673443,
        },
        CanisterObservation {
            role: SnsLedger,
            canister_id: Principal {
                len: 10,
                bytes: [
                    255,
                    255,
                    255,
                    255,
                    255,
                    208,
                    0,
                    2,
                    1,
                    1,
                    0,
                    0,
                    0,
                    0,
                    0,
                    0,
                    0,
                    0,
                    0,
                    0,
                    0,
                    0,
                    0,
                    0,
                    0,
                    0,
                    0,
                    0,
                    0,
                ],
            },
            expected_module_hash: [
                53,
                77,
                214,
                236,
                253,
                199,
                43,
                84,
                9,
                128,
                91,
                49,
                222,
                162,
                44,
                157,
                177,
                29,
                246,
                225,
                64,
                149,
                165,
                166,
                137,
                36,
                235,
                99,
                83,
                94,
                109,
                138,
            ],
            observed_module_hash: Some(
                [
                    53,
                    77,
                    214,
                    236,
                    253,
                    199,
                    43,
                    84,
                    9,
                    128,
                    91,
                    49,
                    222,
                    162,
                    44,
                    157,
                    177,
                    29,
                    246,
                    225,
                    64,
                    149,
                    165,
                    166,
                    137,
                    36,
                    235,
                    99,
                    83,
                    94,
                    109,
                    138,
                ],
            ),
            module_match: Matching,
            controllers: Some(
                [
                    Principal {
                        len: 10,
                        bytes: [
                            255,
                            255,
                            255,
                            255,
                            255,
                            208,
                            0,
                            0,
                            1,
                            1,
                            0,
                            0,
                            0,
                            0,
                            0,
                            0,
                            0,
                            0,
                            0,
                            0,
                            0,
                            0,
                            0,
                            0,
                            0,
                            0,
                            0,
                            0,
                            0,
                        ],
                    },
                ],
            ),
            observed_at_timestamp_nanos: 1787948603959673443,
        },
        CanisterObservation {
            role: SnsIndex,
            canister_id: Principal {
                len: 10,
                bytes: [
                    255,
                    255,
                    255,
                    255,
                    255,
                    208,
                    0,
                    4,
                    1,
                    1,
                    0,
                    0,
                    0,
                    0,
                    0,
                    0,
                    0,
                    0,
                    0,
                    0,
                    0,
                    0,
                    0,
                    0,
                    0,
                    0,
                    0,
                    0,
                    0,
                ],
            },
            expected_module_hash: [
                218,
                182,
                128,
                141,
                13,
                252,
                6,
                229,
                232,
                131,
                54,
                208,
                195,
                211,
                228,
                94,
                84,
                72,
                198,
                227,
                108,
                42,
                120,
                31,
                62,
                158,
                9,
                189,
                69,
                15,
                82,
                140,
            ],
            observed_module_hash: Some(
                [
                    218,
                    182,
                    128,
                    141,
                    13,
                    252,
                    6,
                    229,
                    232,
                    131,
                    54,
                    208,
                    195,
                    211,
                    228,
                    94,
                    84,
                    72,
                    198,
                    227,
                    108,
                    42,
                    120,
                    31,
                    62,
                    158,
                    9,
                    189,
                    69,
                    15,
                    82,
                    140,
                ],
            ),
            module_match: Matching,
            controllers: Some(
                [
                    Principal {
                        len: 10,
                        bytes: [
                            255,
                            255,
                            255,
                            255,
                            255,
                            208,
                            0,
                            0,
                            1,
                            1,
                            0,
                            0,
                            0,
                            0,
                            0,
                            0,
                            0,
                            0,
                            0,
                            0,
                            0,
                            0,
                            0,
                            0,
                            0,
                            0,
                            0,
                            0,
                            0,
                        ],
                    },
                ],
            ),
            observed_at_timestamp_nanos: 1787948603959673443,
        },
        CanisterObservation {
            role: SnsSwap,
            canister_id: Principal {
                len: 10,
                bytes: [
                    255,
                    255,
                    255,
                    255,
                    255,
                    208,
                    0,
                    3,
                    1,
                    1,
                    0,
                    0,
                    0,
                    0,
                    0,
                    0,
                    0,
                    0,
                    0,
                    0,
                    0,
                    0,
                    0,
                    0,
                    0,
                    0,
                    0,
                    0,
                    0,
                ],
            },
            expected_module_hash: [
                218,
                215,
                215,
                4,
                113,
                150,
                21,
                249,
                220,
                81,
                101,
                206,
                25,
                91,
                87,
                171,
                250,
                117,
                167,
                18,
                3,
                77,
                112,
                60,
                93,
                70,
                166,
                174,
                194,
                103,
                189,
                208,
            ],
            observed_module_hash: Some(
                [
                    218,
                    215,
                    215,
                    4,
                    113,
                    150,
                    21,
                    249,
                    220,
                    81,
                    101,
                    206,
                    25,
                    91,
                    87,
                    171,
                    250,
                    117,
                    167,
                    18,
                    3,
                    77,
                    112,
                    60,
                    93,
                    70,
                    166,
                    174,
                    194,
                    103,
                    189,
                    208,
                ],
            ),
            module_match: Matching,
            controllers: Some(
                [
                    Principal {
                        len: 10,
                        bytes: [
                            255,
                            255,
                            255,
                            255,
                            255,
                            208,
                            0,
                            0,
                            1,
                            1,
                            0,
                            0,
                            0,
                            0,
                            0,
                            0,
                            0,
                            0,
                            0,
                            0,
                            0,
                            0,
                            0,
                            0,
                            0,
                            0,
                            0,
                            0,
                            0,
                        ],
                    },
                ],
            ),
            observed_at_timestamp_nanos: 1787948603959673443,
        },
    ],
    stream: Some(
        StreamStatus {
            lifecycle: Ready,
            operation_kind: None,
            operation_phase: None,
            latest_entitlement_batch_generation: 0,
            latest_processed_reward_event: Some(
                RewardEventId {
                    end_timestamp_seconds: 1787947956,
                    round: 2,
                },
            ),
            latest_reward_event_classification: Some(
                ProposalBearing,
            ),
            accumulated_eligible_credit: 999999999999999999,
            accumulated_policy_credit: 2000000000000000000,
            processed_reward_event_count: 2,
            missed_reward_event_count: 0,
            reward_work_due: false,
            reward_processing_paused: false,
            governance_parameters_fresh: true,
            pending_entitlement_batch_eligible_credit: None,
            pending_entitlement_batch_policy_credit: None,
            latest_reconciliation_checkpoint: Some(
                ReconciliationProjection {
                    generation: 3,
                    observed_at_nanos: 1787948539979088360,
                    claim_supply_e8s: 20000079950000,
                    liquid_backing_e8s: 25000274858627,
                    pooled_backing_e8s: 74999625131873,
                    unwinding_backing_e8s: 0,
                    transit_backing_e8s: 0,
                    total_claim_backing_e8s: 99999899990500,
                    active_backing_io_e8s: 14999999990000,
                    active_reward_io_e8s: 14999999990000,
                    live_cohort_count: 0,
                    oldest_ready_at_seconds: None,
                    pooled_target_e8s: 74999625131873,
                    observed_pooled_e8s: 74999625131873,
                },
            ),
            observed_at_timestamp_nanos: 1787948603959673443,
        },
    ),
    nns_manager: Some(
        NnsManagerStatus {
            lifecycle: Ready,
            active_operation: None,
            permanent_maturity_baseline_reconciled: true,
            latest_started_two_week_generation: 0,
            latest_completed_two_week_generation: 0,
            latest_pooled_target: Some(
                PooledTargetObservation {
                    target_e8s: 74999625131873,
                    status: AtTarget,
                },
            ),
            live_child_physical_principal_e8s: 0,
            live_child_net_backing_e8s: 0,
            live_child_committed_fee_liability_e8s: 0,
            observed_at_timestamp_nanos: 1787948603959673443,
        },
    ),
    nns_governance: Some(
        NnsGovernanceStatus {
            build_metadata: "profile: release\noptimization_level: 3\ncrate_name: build_script\nenabled_features: \ncompiler_version: 1.93.1\n",
            neurons: [
                NnsNeuronObservation {
                    role: TwoYearProtected,
                    neuron_id: 18261782480786375607,
                    stake_e8s: 100000000,
                    staked_maturity_e8s: Some(
                        0,
                    ),
                    dissolve_delay_seconds: 63115200,
                    state: 1,
                },
            ],
            observed_at_timestamp_nanos: 1787948603959673443,
        },
    ),
    sns: Some(
        SnsStatus {
            max_number_of_neurons: Some(
                1000,
            ),
            native_initial_reward_rate_basis_points: Some(
                0,
            ),
            native_final_reward_rate_basis_points: Some(
                0,
            ),
            latest_reward_event_round: Some(
                2,
            ),
            latest_reward_event_end_timestamp_seconds: Some(
                1787947956,
            ),
            settled_proposal_count: Some(
                1,
            ),
            reward_share_capability: ExpectedGovernanceModuleMatching,
            archive_canisters: [],
            observed_at_timestamp_nanos: 1787948603959673443,
        },
    ),
    index: Some(
        IndexStatus {
            num_blocks_synced: 11,
            accounts: [
                AccountHistoryObservation {
                    name: "protocol-reserve",
                    account: Account {
                        owner: Principal {
                            len: 10,
                            bytes: [
                                255,
                                255,
                                255,
                                255,
                                255,
                                224,
                                0,
                                0,
                                1,
                                1,
                                0,
                                0,
                                0,
                                0,
                                0,
                                0,
                                0,
                                0,
                                0,
                                0,
                                0,
                                0,
                                0,
                                0,
                                0,
                                0,
                                0,
                                0,
                                0,
                            ],
                        },
                        subaccount: Some(
                            Subaccount(
                                [
                                    1,
                                    1,
                                    1,
                                    1,
                                    1,
                                    1,
                                    1,
                                    1,
                                    1,
                                    1,
                                    1,
                                    1,
                                    1,
                                    1,
                                    1,
                                    1,
                                    1,
                                    1,
                                    1,
                                    1,
                                    1,
                                    1,
                                    1,
                                    1,
                                    1,
                                    1,
                                    1,
                                    1,
                                    1,
                                    1,
                                    1,
                                    1,
                                ],
                            ),
                        ),
                    },
                    index_balance_e8s: 10020000000,
                    newest_transaction_id: Some(
                        10,
                    ),
                    oldest_transaction_id: Some(
                        6,
                    ),
                    transactions: [
                        RecentTransaction {
                            block_index: 10,
                            kind: "transfer",
                            amount_e8s: Some(
                                20000000,
                            ),
                            from: Some(
                                Account {
                                    owner: Principal {
                                        len: 29,
                                        bytes: [
                                            82,
                                            207,
                                            39,
                                            96,
                                            53,
                                            121,
                                            47,
                                            155,
                                            16,
                                            194,
                                            77,
                                            104,
                                            255,
                                            21,
                                            204,
                                            132,
                                            136,
                                            68,
                                            226,
                                            126,
                                            181,
                                            161,
                                            140,
                                            222,
                                            237,
                                            160,
                                            131,
                                            182,
                                            2,
                                        ],
                                    },
                                    subaccount: None,
                                },
                            ),
                            to: Some(
                                Account {
                                    owner: Principal {
                                        len: 10,
                                        bytes: [
                                            255,
                                            255,
                                            255,
                                            255,
                                            255,
                                            224,
                                            0,
                                            0,
                                            1,
                                            1,
                                            0,
                                            0,
                                            0,
                                            0,
                                            0,
                                            0,
                                            0,
                                            0,
                                            0,
                                            0,
                                            0,
                                            0,
                                            0,
                                            0,
                                            0,
                                            0,
                                            0,
                                            0,
                                            0,
                                        ],
                                    },
                                    subaccount: Some(
                                        Subaccount(
                                            [
                                                1,
                                                1,
                                                1,
                                                1,
                                                1,
                                                1,
                                                1,
                                                1,
                                                1,
                                                1,
                                                1,
                                                1,
                                                1,
                                                1,
                                                1,
                                                1,
                                                1,
                                                1,
                                                1,
                                                1,
                                                1,
                                                1,
                                                1,
                                                1,
                                                1,
                                                1,
                                                1,
                                                1,
                                                1,
                                                1,
                                                1,
                                                1,
                                            ],
                                        ),
                                    ),
                                },
                            ),
                            timestamp_nanos: 1787775417208674497,
                        },
                        RecentTransaction {
                            block_index: 6,
                            kind: "transfer",
                            amount_e8s: Some(
                                10000000000,
                            ),
                            from: Some(
                                Account {
                                    owner: Principal {
                                        len: 10,
                                        bytes: [
                                            255,
                                            255,
                                            255,
                                            255,
                                            255,
                                            208,
                                            0,
                                            1,
                                            1,
                                            1,
                                            0,
                                            0,
                                            0,
                                            0,
                                            0,
                                            0,
                                            0,
                                            0,
                                            0,
                                            0,
                                            0,
                                            0,
                                            0,
                                            0,
                                            0,
                                            0,
                                            0,
                                            0,
                                            0,
                                        ],
                                    },
                                    subaccount: Some(
                                        Subaccount(
                                            [
                                                246,
                                                230,
                                                97,
                                                166,
                                                146,
                                                227,
                                                55,
                                                186,
                                                137,
                                                156,
                                                240,
                                                185,
                                                163,
                                                97,
                                                8,
                                                105,
                                                207,
                                                138,
                                                114,
                                                142,
                                                181,
                                                152,
                                                159,
                                                206,
                                                247,
                                                187,
                                                126,
                                                235,
                                                138,
                                                0,
                                                64,
                                                161,
                                            ],
                                        ),
                                    ),
                                },
                            ),
                            to: Some(
                                Account {
                                    owner: Principal {
                                        len: 10,
                                        bytes: [
                                            255,
                                            255,
                                            255,
                                            255,
                                            255,
                                            224,
                                            0,
                                            0,
                                            1,
                                            1,
                                            0,
                                            0,
                                            0,
                                            0,
                                            0,
                                            0,
                                            0,
                                            0,
                                            0,
                                            0,
                                            0,
                                            0,
                                            0,
                                            0,
                                            0,
                                            0,
                                            0,
                                            0,
                                            0,
                                        ],
                                    },
                                    subaccount: Some(
                                        Subaccount(
                                            [
                                                1,
                                                1,
                                                1,
                                                1,
                                                1,
                                                1,
                                                1,
                                                1,
                                                1,
                                                1,
                                                1,
                                                1,
                                                1,
                                                1,
                                                1,
                                                1,
                                                1,
                                                1,
                                                1,
                                                1,
                                                1,
                                                1,
                                                1,
                                                1,
                                                1,
                                                1,
                                                1,
                                                1,
                                                1,
                                                1,
                                                1,
                                                1,
                                            ],
                                        ),
                                    ),
                                },
                            ),
                            timestamp_nanos: 1787775377893009583,
                        },
                    ],
                },
                AccountHistoryObservation {
                    name: "sns-treasury",
                    account: Account {
                        owner: Principal {
                            len: 10,
                            bytes: [
                                255,
                                255,
                                255,
                                255,
                                255,
                                208,
                                0,
                                1,
                                1,
                                1,
                                0,
                                0,
                                0,
                                0,
                                0,
                                0,
                                0,
                                0,
                                0,
                                0,
                                0,
                                0,
                                0,
                                0,
                                0,
                                0,
                                0,
                                0,
                                0,
                            ],
                        },
                        subaccount: Some(
                            Subaccount(
                                [
                                    246,
                                    230,
                                    97,
                                    166,
                                    146,
                                    227,
                                    55,
                                    186,
                                    137,
                                    156,
                                    240,
                                    185,
                                    163,
                                    97,
                                    8,
                                    105,
                                    207,
                                    138,
                                    114,
                                    142,
                                    181,
                                    152,
                                    159,
                                    206,
                                    247,
                                    187,
                                    126,
                                    235,
                                    138,
                                    0,
                                    64,
                                    161,
                                ],
                            ),
                        ),
                    },
                    index_balance_e8s: 79989899980000,
                    newest_transaction_id: Some(
                        7,
                    ),
                    oldest_transaction_id: Some(
                        2,
                    ),
                    transactions: [
                        RecentTransaction {
                            block_index: 7,
                            kind: "transfer",
                            amount_e8s: Some(
                                100000000,
                            ),
                            from: Some(
                                Account {
                                    owner: Principal {
                                        len: 10,
                                        bytes: [
                                            255,
                                            255,
                                            255,
                                            255,
                                            255,
                                            208,
                                            0,
                                            1,
                                            1,
                                            1,
                                            0,
                                            0,
                                            0,
                                            0,
                                            0,
                                            0,
                                            0,
                                            0,
                                            0,
                                            0,
                                            0,
                                            0,
                                            0,
                                            0,
                                            0,
                                            0,
                                            0,
                                            0,
                                            0,
                                        ],
                                    },
                                    subaccount: Some(
                                        Subaccount(
                                            [
                                                246,
                                                230,
                                                97,
                                                166,
                                                146,
                                                227,
                                                55,
                                                186,
                                                137,
                                                156,
                                                240,
                                                185,
                                                163,
                                                97,
                                                8,
                                                105,
                                                207,
                                                138,
                                                114,
                                                142,
                                                181,
                                                152,
                                                159,
                                                206,
                                                247,
                                                187,
                                                126,
                                                235,
                                                138,
                                                0,
                                                64,
                                                161,
                                            ],
                                        ),
                                    ),
                                },
                            ),
                            to: Some(
                                Account {
                                    owner: Principal {
                                        len: 29,
                                        bytes: [
                                            82,
                                            207,
                                            39,
                                            96,
                                            53,
                                            121,
                                            47,
                                            155,
                                            16,
                                            194,
                                            77,
                                            104,
                                            255,
                                            21,
                                            204,
                                            132,
                                            136,
                                            68,
                                            226,
                                            126,
                                            181,
                                            161,
                                            140,
                                            222,
                                            237,
                                            160,
                                            131,
                                            182,
                                            2,
                                        ],
                                    },
                                    subaccount: None,
                                },
                            ),
                            timestamp_nanos: 1787775379895512954,
                        },
                        RecentTransaction {
                            block_index: 6,
                            kind: "transfer",
                            amount_e8s: Some(
                                10000000000,
                            ),
                            from: Some(
                                Account {
                                    owner: Principal {
                                        len: 10,
                                        bytes: [
                                            255,
                                            255,
                                            255,
                                            255,
                                            255,
                                            208,
                                            0,
                                            1,
                                            1,
                                            1,
                                            0,
                                            0,
                                            0,
                                            0,
                                            0,
                                            0,
                                            0,
                                            0,
                                            0,
                                            0,
                                            0,
                                            0,
                                            0,
                                            0,
                                            0,
                                            0,
                                            0,
                                            0,
                                            0,
                                        ],
                                    },
                                    subaccount: Some(
                                        Subaccount(
                                            [
                                                246,
                                                230,
                                                97,
                                                166,
                                                146,
                                                227,
                                                55,
                                                186,
                                                137,
                                                156,
                                                240,
                                                185,
                                                163,
                                                97,
                                                8,
                                                105,
                                                207,
                                                138,
                                                114,
                                                142,
                                                181,
                                                152,
                                                159,
                                                206,
                                                247,
                                                187,
                                                126,
                                                235,
                                                138,
                                                0,
                                                64,
                                                161,
                                            ],
                                        ),
                                    ),
                                },
                            ),
                            to: Some(
                                Account {
                                    owner: Principal {
                                        len: 10,
                                        bytes: [
                                            255,
                                            255,
                                            255,
                                            255,
                                            255,
                                            224,
                                            0,
                                            0,
                                            1,
                                            1,
                                            0,
                                            0,
                                            0,
                                            0,
                                            0,
                                            0,
                                            0,
                                            0,
                                            0,
                                            0,
                                            0,
                                            0,
                                            0,
                                            0,
                                            0,
                                            0,
                                            0,
                                            0,
                                            0,
                                        ],
                                    },
                                    subaccount: Some(
                                        Subaccount(
                                            [
                                                1,
                                                1,
                                                1,
                                                1,
                                                1,
                                                1,
                                                1,
                                                1,
                                                1,
                                                1,
                                                1,
                                                1,
                                                1,
                                                1,
                                                1,
                                                1,
                                                1,
                                                1,
                                                1,
                                                1,
                                                1,
                                                1,
                                                1,
                                                1,
                                                1,
                                                1,
                                                1,
                                                1,
                                                1,
                                                1,
                                                1,
                                                1,
                                            ],
                                        ),
                                    ),
                                },
                            ),
                            timestamp_nanos: 1787775377893009583,
                        },
                        RecentTransaction {
                            block_index: 2,
                            kind: "mint",
                            amount_e8s: Some(
                                80000000000000,
                            ),
                            from: None,
                            to: Some(
                                Account {
                                    owner: Principal {
                                        len: 10,
                                        bytes: [
                                            255,
                                            255,
                                            255,
                                            255,
                                            255,
                                            208,
                                            0,
                                            1,
                                            1,
                                            1,
                                            0,
                                            0,
                                            0,
                                            0,
                                            0,
                                            0,
                                            0,
                                            0,
                                            0,
                                            0,
                                            0,
                                            0,
                                            0,
                                            0,
                                            0,
                                            0,
                                            0,
                                            0,
                                            0,
                                        ],
                                    },
                                    subaccount: Some(
                                        Subaccount(
                                            [
                                                246,
                                                230,
                                                97,
                                                166,
                                                146,
                                                227,
                                                55,
                                                186,
                                                137,
                                                156,
                                                240,
                                                185,
                                                163,
                                                97,
                                                8,
                                                105,
                                                207,
                                                138,
                                                114,
                                                142,
                                                181,
                                                152,
                                                159,
                                                206,
                                                247,
                                                187,
                                                126,
                                                235,
                                                138,
                                                0,
                                                64,
                                                161,
                                            ],
                                        ),
                                    ),
                                },
                            ),
                            timestamp_nanos: 1787775181430791098,
                        },
                    ],
                },
            ],
            observed_at_timestamp_nanos: 1787948603959673443,
        },
    ),
}
command: env IO_POCKET_IC_SERVER_URL=http://127.0.0.1:35443 IO_POCKET_IC_INSTANCE_ID=0 IO_LOCAL_SNS_GOVERNANCE_ID=7uieb-cx777-77776-qaaaq-cai IO_LOCAL_STREAM_MANAGER_ID=lxzze-o7777-77777-aaaaa-cai IO_LOCAL_HISTORIAN_ID=lz3um-vp777-77777-aaaba-cai IO_LOCAL_HISTORIAN_SETTLE_SECONDS=60 IO_LOCAL_REWARD_ADVANCE_SECONDS=86400 IO_LOCAL_REWARD_RESUME=1 IO_LOCAL_REWARD_CANONICAL_TWO_EVENT=1 IO_LOCAL_REWARD_PROPOSER_PRINCIPAL=amzih-bssz4-twanl-zf6nr-bqsnn-d7rlt-eerbc-oe7vv-uggn5-3naqo-3ae IO_LOCAL_REWARD_NEURON_SUBACCOUNT_HEX=5da380ea306e3c2bdc235a4a91e7730ccfc4e164c864ae62137088b6dfc3f6bd cargo run -p e2e-real-canisters --bin observe_existing_reward
exit_status=0
