+ env IO_POCKET_IC_SERVER_URL=http://127.0.0.1:33693 IO_POCKET_IC_INSTANCE_ID=0 IO_LOCAL_SNS_GOVERNANCE_ID=7uieb-cx777-77776-qaaaq-cai IO_LOCAL_STREAM_MANAGER_ID=lxzze-o7777-77777-aaaaa-cai IO_LOCAL_HISTORIAN_ID=lz3um-vp777-77777-aaaba-cai IO_LOCAL_HISTORIAN_SETTLE_SECONDS=60 IO_LOCAL_REWARD_ADVANCE_SECONDS=86400 IO_LOCAL_REWARD_RESUME=1 IO_LOCAL_REWARD_CANONICAL_TWO_EVENT=1 IO_LOCAL_REWARD_PROPOSER_PRINCIPAL=i55lg-5valg-5pglu-2hb2h-g4e3d-6nk6b-uoaw6-7oveu-os7h7-iike5-eqe IO_LOCAL_REWARD_NEURON_SUBACCOUNT_HEX=4b5e9bf4accce8125737ee07918deed995879aeaa13c02b8c726d8e13b5c11d1 cargo run -p e2e-real-canisters --bin observe_existing_reward
    Finished `dev` profile [unoptimized + debuginfo] target(s) in 0.50s
     Running `target/debug/observe_existing_reward`
advanced_pocketic_seconds=86400
warmup_actual_advance_seconds=86186
warmup_latest_reward_event=SnsRewardEvent {
    rounds_since_last_distribution: Some(
        1,
    ),
    actual_timestamp_seconds: 1788527709,
    end_timestamp_seconds: Some(
        1788527699,
    ),
    total_available_e8s_equivalent: Some(
        0,
    ),
    distributed_e8s_equivalent: 0,
    round: 1,
    settled_proposals: [],
}
warmup_neuron=4b5e9bf4accce8125737ee07918deed995879aeaa13c02b8c726d8e13b5c11d1 stake_e8s=10000000000000 maturity_e8s=0 dissolve_state=Some(DissolveDelaySeconds(1296060)) participation=None
warmup_neuron=77f7c520da6af220f0cd871b5c55ce33939b7364aca0e19f8121030e62188efe stake_e8s=4999999990000 maturity_e8s=0 dissolve_state=Some(DissolveDelaySeconds(0)) participation=None
warmup_neuron=f4ab3c36438731d12d721786b1935a900801512f7735e32a30cb245e1b82934e stake_e8s=4999999990000 maturity_e8s=0 dissolve_state=Some(DissolveDelaySeconds(1209600)) participation=None
stream_status_before=Status {
    lifecycle: Ready,
    operation_kind: Some(
        "BackingReconciliation",
    ),
    operation_phase: Some(
        "TopUp",
    ),
    next_operation_sequence: 2,
    latest_entitlement_batch_generation: 0,
    latest_processed_reward_event: Some(
        RewardEventId {
            end_timestamp_seconds: 1788441299,
            round: 0,
        },
    ),
    latest_reward_event_classification: Some(
        StructuralOnly,
    ),
    accumulated_entitlements: [],
    accumulated_eligible_credit: 0,
    accumulated_policy_credit: 0,
    processed_reward_event_count: 0,
    missed_reward_event_count: 0,
    reward_work_due: false,
    reward_processing_paused: false,
    governance_parameters_fresh: true,
    pending_entitlement_batch_eligible_credit: None,
    pending_entitlement_batch_policy_credit: None,
    latest_reconciliation_checkpoint: Some(
        ReconciliationCheckpoint {
            generation: 2,
            event_marker: 0,
            observed_at_nanos: 1788527699149623226,
            claim_supply_e8s: 20000079960000,
            liquid_backing_e8s: 99999900000500,
            pooled_backing_e8s: 0,
            unwinding_backing_e8s: 0,
            transit_backing_e8s: 0,
            total_claim_backing_e8s: 99999900000500,
            active_backing_io_e8s: 10000000000000,
            active_reward_io_e8s: 0,
            live_cohort_count: 0,
            oldest_ready_at_seconds: None,
            pooled_target_e8s: 49999750101249,
            observed_pooled_e8s: 0,
            snapshot_fingerprint: [
                239,
                189,
                85,
                163,
                240,
                80,
                70,
                148,
                229,
                155,
                83,
                147,
                135,
                120,
                174,
                159,
                104,
                176,
                101,
                150,
                1,
                250,
                203,
                249,
                136,
                145,
                161,
                163,
                205,
                101,
                255,
                73,
            ],
        },
    ),
    prepared_exit_generation: None,
    prepared_exit_member_count: 0,
    committed_exit_member_count: 0,
}
canonical_reconciliation_resume[0]=Ok(
    BackingReconciliation,
)
canonical_reconciliation_resume[1]=Ok(
    BackingReconciliation,
)
canonical_reconciliation_idle_after_attempt=2
stream_status_before_reward_margin=Status {
    lifecycle: Ready,
    operation_kind: None,
    operation_phase: None,
    next_operation_sequence: 2,
    latest_entitlement_batch_generation: 0,
    latest_processed_reward_event: Some(
        RewardEventId {
            end_timestamp_seconds: 1788441299,
            round: 0,
        },
    ),
    latest_reward_event_classification: Some(
        StructuralOnly,
    ),
    accumulated_entitlements: [],
    accumulated_eligible_credit: 0,
    accumulated_policy_credit: 0,
    processed_reward_event_count: 0,
    missed_reward_event_count: 0,
    reward_work_due: false,
    reward_processing_paused: false,
    governance_parameters_fresh: true,
    pending_entitlement_batch_eligible_credit: None,
    pending_entitlement_batch_policy_credit: None,
    latest_reconciliation_checkpoint: Some(
        ReconciliationCheckpoint {
            generation: 2,
            event_marker: 0,
            observed_at_nanos: 1788527699149623226,
            claim_supply_e8s: 20000079960000,
            liquid_backing_e8s: 99999900000500,
            pooled_backing_e8s: 0,
            unwinding_backing_e8s: 0,
            transit_backing_e8s: 0,
            total_claim_backing_e8s: 99999900000500,
            active_backing_io_e8s: 10000000000000,
            active_reward_io_e8s: 0,
            live_cohort_count: 0,
            oldest_ready_at_seconds: None,
            pooled_target_e8s: 49999750101249,
            observed_pooled_e8s: 0,
            snapshot_fingerprint: [
                239,
                189,
                85,
                163,
                240,
                80,
                70,
                148,
                229,
                155,
                83,
                147,
                135,
                120,
                174,
                159,
                104,
                176,
                101,
                150,
                1,
                250,
                203,
                249,
                136,
                145,
                161,
                163,
                205,
                101,
                255,
                73,
            ],
        },
    ),
    prepared_exit_generation: None,
    prepared_exit_member_count: 0,
    committed_exit_member_count: 0,
}
pre_margin_resume_reward_work=Ok(
    RewardEventObservation {
        event: RewardEventId {
            end_timestamp_seconds: 1788441299,
            round: 0,
        },
        proposal_count: 0,
        classification: StructuralOnly,
        policy_credit: 0,
        eligible_credit_total: 0,
        observed_at_nanos: 1788527710062248052,
    },
)
pre_margin_structural_only_attempt=0
pre_margin_resume_reward_work=Ok(
    RewardEventObservation {
        event: RewardEventId {
            end_timestamp_seconds: 1788441299,
            round: 0,
        },
        proposal_count: 0,
        classification: StructuralOnly,
        policy_credit: 0,
        eligible_credit_total: 0,
        observed_at_nanos: 1788527710205188190,
    },
)
pre_margin_structural_only_attempt=1
pre_margin_resume_reward_work=Ok(
    RewardEventObservation {
        event: RewardEventId {
            end_timestamp_seconds: 1788441299,
            round: 0,
        },
        proposal_count: 0,
        classification: StructuralOnly,
        policy_credit: 0,
        eligible_credit_total: 0,
        observed_at_nanos: 1788527710474409684,
    },
)
pre_margin_structural_only_attempt=2
pre_margin_resume_reward_work=Ok(
    RewardEventObservation {
        event: RewardEventId {
            end_timestamp_seconds: 1788441299,
            round: 0,
        },
        proposal_count: 0,
        classification: StructuralOnly,
        policy_credit: 0,
        eligible_credit_total: 0,
        observed_at_nanos: 1788527710604173513,
    },
)
pre_margin_structural_only_attempt=3
warmup_reward_margin_wait_seconds=289
warmup_reward_scheduler_epsilon_seconds=1
warmup_reward_observation_deadline_seconds=1788527999
stream_status_after_warmup_margin=Status {
    lifecycle: Ready,
    operation_kind: None,
    operation_phase: None,
    next_operation_sequence: 2,
    latest_entitlement_batch_generation: 0,
    latest_processed_reward_event: Some(
        RewardEventId {
            end_timestamp_seconds: 1788527699,
            round: 1,
        },
    ),
    latest_reward_event_classification: Some(
        NoProposalFallback,
    ),
    accumulated_entitlements: [],
    accumulated_eligible_credit: 0,
    accumulated_policy_credit: 1000000000000000000,
    processed_reward_event_count: 1,
    missed_reward_event_count: 0,
    reward_work_due: false,
    reward_processing_paused: false,
    governance_parameters_fresh: true,
    pending_entitlement_batch_eligible_credit: None,
    pending_entitlement_batch_policy_credit: None,
    latest_reconciliation_checkpoint: Some(
        ReconciliationCheckpoint {
            generation: 3,
            event_marker: 1,
            observed_at_nanos: 1788528000747108410,
            claim_supply_e8s: 20000079960000,
            liquid_backing_e8s: 50000149899251,
            pooled_backing_e8s: 49999750101249,
            unwinding_backing_e8s: 0,
            transit_backing_e8s: 0,
            total_claim_backing_e8s: 99999900000500,
            active_backing_io_e8s: 10000000000000,
            active_reward_io_e8s: 0,
            live_cohort_count: 0,
            oldest_ready_at_seconds: None,
            pooled_target_e8s: 49999750101249,
            observed_pooled_e8s: 49999750101249,
            snapshot_fingerprint: [
                106,
                211,
                49,
                14,
                113,
                89,
                107,
                118,
                164,
                35,
                132,
                186,
                146,
                2,
                109,
                182,
                1,
                110,
                171,
                245,
                244,
                173,
                126,
                99,
                190,
                244,
                52,
                227,
                78,
                25,
                224,
                41,
            ],
        },
    ),
    prepared_exit_generation: None,
    prepared_exit_member_count: 0,
    committed_exit_member_count: 0,
}
warmup_reward_processed_by_timer=true
warmup_reward_classification=NoProposalFallback
canonical_reconciliation_idle_after_attempt=0
controlled_reward_recovery_pause=Ok(
    (),
)
controlled_reward_recovery_ready=Ok(
    (),
)
canonical_structural_refresh=Ok(
    RewardEventObservation {
        event: RewardEventId {
            end_timestamp_seconds: 1788527699,
            round: 1,
        },
        proposal_count: 0,
        classification: StructuralOnly,
        policy_credit: 0,
        eligible_credit_total: 0,
        observed_at_nanos: 1788528001669585480,
    },
)
canonical_reward_proposal_id=11
canonical_reward_advanced_pocketic_seconds=86400
canonical_reward_observation_margin_seconds=300
canonical_latest_reward_event=SnsRewardEvent {
    rounds_since_last_distribution: Some(
        1,
    ),
    actual_timestamp_seconds: 1788614702,
    end_timestamp_seconds: Some(
        1788614099,
    ),
    total_available_e8s_equivalent: Some(
        0,
    ),
    distributed_e8s_equivalent: 0,
    round: 2,
    settled_proposals: [
        SnsProposalIdRecord {
            id: 4,
        },
        SnsProposalIdRecord {
            id: 5,
        },
        SnsProposalIdRecord {
            id: 10,
        },
        SnsProposalIdRecord {
            id: 11,
        },
    ],
}
canonical_neuron=4b5e9bf4accce8125737ee07918deed995879aeaa13c02b8c726d8e13b5c11d1 stake_e8s=10000000000000 maturity_e8s=0 dissolve_state=Some(DissolveDelaySeconds(1296060)) participation=Some(SnsRewardEventParticipation { reward_event_end_timestamp_seconds: 1788614099, reward_shares: Some(SnsUint128 { high: 0, low: 40000000000000 }) })
canonical_neuron=77f7c520da6af220f0cd871b5c55ce33939b7364aca0e19f8121030e62188efe stake_e8s=4999999990000 maturity_e8s=0 dissolve_state=Some(DissolveDelaySeconds(0)) participation=None
canonical_neuron=f4ab3c36438731d12d721786b1935a900801512f7735e32a30cb245e1b82934e stake_e8s=4999999990000 maturity_e8s=0 dissolve_state=Some(DissolveDelaySeconds(1209600)) participation=Some(SnsRewardEventParticipation { reward_event_end_timestamp_seconds: 1788614099, reward_shares: Some(SnsUint128 { high: 0, low: 19999999960000 }) })
canonical_stream_status_before=Status {
    lifecycle: Ready,
    operation_kind: None,
    operation_phase: None,
    next_operation_sequence: 2,
    latest_entitlement_batch_generation: 0,
    latest_processed_reward_event: Some(
        RewardEventId {
            end_timestamp_seconds: 1788614099,
            round: 2,
        },
    ),
    latest_reward_event_classification: Some(
        ProposalBearing,
    ),
    accumulated_entitlements: [
        FrozenEntitlement {
            sns_neuron_id: [
                75,
                94,
                155,
                244,
                172,
                204,
                232,
                18,
                87,
                55,
                238,
                7,
                145,
                141,
                238,
                217,
                149,
                135,
                154,
                234,
                161,
                60,
                2,
                184,
                199,
                38,
                216,
                225,
                59,
                92,
                17,
                209,
            ],
            destination: Account {
                owner: Principal {
                    len: 10,
                    bytes: [
                        255,
                        255,
                        255,
                        255,
                        255,
                        208,
                        0,
                        1,
                        1,
                        1,
                        0,
                        0,
                        0,
                        0,
                        0,
                        0,
                        0,
                        0,
                        0,
                        0,
                        0,
                        0,
                        0,
                        0,
                        0,
                        0,
                        0,
                        0,
                        0,
                    ],
                },
                subaccount: Some(
                    [
                        75,
                        94,
                        155,
                        244,
                        172,
                        204,
                        232,
                        18,
                        87,
                        55,
                        238,
                        7,
                        145,
                        141,
                        238,
                        217,
                        149,
                        135,
                        154,
                        234,
                        161,
                        60,
                        2,
                        184,
                        199,
                        38,
                        216,
                        225,
                        59,
                        92,
                        17,
                        209,
                    ],
                ),
            },
            accumulated_eligible_credit: 666666667111111111,
        },
    ],
    accumulated_eligible_credit: 666666667111111111,
    accumulated_policy_credit: 2000000000000000000,
    processed_reward_event_count: 2,
    missed_reward_event_count: 0,
    reward_work_due: false,
    reward_processing_paused: false,
    governance_parameters_fresh: true,
    pending_entitlement_batch_eligible_credit: None,
    pending_entitlement_batch_policy_credit: None,
    latest_reconciliation_checkpoint: Some(
        ReconciliationCheckpoint {
            generation: 5,
            event_marker: 2,
            observed_at_nanos: 1788614702114662181,
            claim_supply_e8s: 20000079960000,
            liquid_backing_e8s: 50000149899251,
            pooled_backing_e8s: 49999750101249,
            unwinding_backing_e8s: 0,
            transit_backing_e8s: 0,
            total_claim_backing_e8s: 99999900000500,
            active_backing_io_e8s: 10000000000000,
            active_reward_io_e8s: 10000000000000,
            live_cohort_count: 0,
            oldest_ready_at_seconds: None,
            pooled_target_e8s: 49999750101249,
            observed_pooled_e8s: 49999750101249,
            snapshot_fingerprint: [
                138,
                143,
                19,
                99,
                255,
                146,
                63,
                143,
                215,
                174,
                139,
                94,
                22,
                229,
                138,
                85,
                107,
                178,
                1,
                253,
                78,
                116,
                240,
                28,
                237,
                139,
                35,
                236,
                96,
                183,
                96,
                231,
            ],
        },
    ),
    prepared_exit_generation: None,
    prepared_exit_member_count: 0,
    committed_exit_member_count: 0,
}
canonical_reward_already_processed=true
stream_status_after=Status {
    lifecycle: Ready,
    operation_kind: None,
    operation_phase: None,
    next_operation_sequence: 2,
    latest_entitlement_batch_generation: 0,
    latest_processed_reward_event: Some(
        RewardEventId {
            end_timestamp_seconds: 1788614099,
            round: 2,
        },
    ),
    latest_reward_event_classification: Some(
        ProposalBearing,
    ),
    accumulated_entitlements: [
        FrozenEntitlement {
            sns_neuron_id: [
                75,
                94,
                155,
                244,
                172,
                204,
                232,
                18,
                87,
                55,
                238,
                7,
                145,
                141,
                238,
                217,
                149,
                135,
                154,
                234,
                161,
                60,
                2,
                184,
                199,
                38,
                216,
                225,
                59,
                92,
                17,
                209,
            ],
            destination: Account {
                owner: Principal {
                    len: 10,
                    bytes: [
                        255,
                        255,
                        255,
                        255,
                        255,
                        208,
                        0,
                        1,
                        1,
                        1,
                        0,
                        0,
                        0,
                        0,
                        0,
                        0,
                        0,
                        0,
                        0,
                        0,
                        0,
                        0,
                        0,
                        0,
                        0,
                        0,
                        0,
                        0,
                        0,
                    ],
                },
                subaccount: Some(
                    [
                        75,
                        94,
                        155,
                        244,
                        172,
                        204,
                        232,
                        18,
                        87,
                        55,
                        238,
                        7,
                        145,
                        141,
                        238,
                        217,
                        149,
                        135,
                        154,
                        234,
                        161,
                        60,
                        2,
                        184,
                        199,
                        38,
                        216,
                        225,
                        59,
                        92,
                        17,
                        209,
                    ],
                ),
            },
            accumulated_eligible_credit: 666666667111111111,
        },
    ],
    accumulated_eligible_credit: 666666667111111111,
    accumulated_policy_credit: 2000000000000000000,
    processed_reward_event_count: 2,
    missed_reward_event_count: 0,
    reward_work_due: false,
    reward_processing_paused: false,
    governance_parameters_fresh: true,
    pending_entitlement_batch_eligible_credit: None,
    pending_entitlement_batch_policy_credit: None,
    latest_reconciliation_checkpoint: Some(
        ReconciliationCheckpoint {
            generation: 5,
            event_marker: 2,
            observed_at_nanos: 1788614702114662181,
            claim_supply_e8s: 20000079960000,
            liquid_backing_e8s: 50000149899251,
            pooled_backing_e8s: 49999750101249,
            unwinding_backing_e8s: 0,
            transit_backing_e8s: 0,
            total_claim_backing_e8s: 99999900000500,
            active_backing_io_e8s: 10000000000000,
            active_reward_io_e8s: 10000000000000,
            live_cohort_count: 0,
            oldest_ready_at_seconds: None,
            pooled_target_e8s: 49999750101249,
            observed_pooled_e8s: 49999750101249,
            snapshot_fingerprint: [
                138,
                143,
                19,
                99,
                255,
                146,
                63,
                143,
                215,
                174,
                139,
                94,
                22,
                229,
                138,
                85,
                107,
                178,
                1,
                253,
                78,
                116,
                240,
                28,
                237,
                139,
                35,
                236,
                96,
                183,
                96,
                231,
            ],
        },
    ),
    prepared_exit_generation: None,
    prepared_exit_member_count: 0,
    committed_exit_member_count: 0,
}
historian_settle_seconds=60
historian_dashboard=Dashboard {
    status: PublicStatus {
        version: "0.1.0",
        schema_version: 1,
        configured: true,
        refresh_active: false,
        refresh_generation: 4,
        last_attempt_timestamp_nanos: Some(
            1788614764465134384,
        ),
        last_success_timestamp_nanos: Some(
            1788614764465134384,
        ),
    },
    protocol: ProtocolSnapshot {
        generation: 4,
        total_io_supply_e8s: Some(
            99999999940000,
        ),
        protocol_reserve_io_e8s: Some(
            10020000000,
        ),
        nonredeemable_governance_io_e8s: Some(
            79989899980000,
        ),
        claim_io_supply_e8s: Some(
            20000079960000,
        ),
        liquid_claim_backing_e8s: Some(
            50000149899251,
        ),
        pooled_parent_principal_e8s: Some(
            49999750101249,
        ),
        live_child_net_backing_e8s: Some(
            0,
        ),
        in_transit_backing_e8s: Some(
            0,
        ),
        total_claim_backing_e8s: Some(
            99999900000500,
        ),
        claim_rate: Some(
            ClaimRateSnapshot {
                backing_numerator_e8s: 99999900000500,
                claim_denominator_e8s: 20000079960000,
                available_liquid_e8s: 50000149899251,
                observed_at_timestamp_nanos: 1788614702114662181,
            },
        ),
        active_backing_io_e8s: Some(
            10000000000000,
        ),
        active_reward_io_e8s: Some(
            10000000000000,
        ),
        pooled_target_e8s: Some(
            49999750101249,
        ),
        pooled_target_delta: Some(
            AtTarget,
        ),
        live_cohort_count: Some(
            0,
        ),
        oldest_ready_at_seconds: None,
        permanent_productive_capital_e8s: Some(
            100000000,
        ),
        observed_at_timestamp_nanos: Some(
            1788614764465134384,
        ),
        completeness: DataCompleteness {
            total_io_supply: true,
            protocol_reserve_io: true,
            nonredeemable_governance_io: true,
            claim_io_supply: true,
            claim_backing: true,
            active_backing_io: true,
            active_reward_io: true,
            claim_rate: true,
        },
    },
    source_health: [
        SourceHealth {
            source: "protocol",
            freshness: Fresh,
            last_attempt_timestamp_nanos: Some(
                1788614764465134384,
            ),
            last_success_timestamp_nanos: Some(
                1788614764465134384,
            ),
            error: None,
        },
        SourceHealth {
            source: "stream",
            freshness: Fresh,
            last_attempt_timestamp_nanos: Some(
                1788614764465134384,
            ),
            last_success_timestamp_nanos: Some(
                1788614764465134384,
            ),
            error: None,
        },
        SourceHealth {
            source: "nns-manager",
            freshness: Fresh,
            last_attempt_timestamp_nanos: Some(
                1788614764465134384,
            ),
            last_success_timestamp_nanos: Some(
                1788614764465134384,
            ),
            error: None,
        },
        SourceHealth {
            source: "nns-governance",
            freshness: Fresh,
            last_attempt_timestamp_nanos: Some(
                1788614764465134384,
            ),
            last_success_timestamp_nanos: Some(
                1788614764465134384,
            ),
            error: None,
        },
        SourceHealth {
            source: "sns-root",
            freshness: Fresh,
            last_attempt_timestamp_nanos: Some(
                1788614764465134384,
            ),
            last_success_timestamp_nanos: Some(
                1788614764465134384,
            ),
            error: None,
        },
        SourceHealth {
            source: "sns-governance",
            freshness: Fresh,
            last_attempt_timestamp_nanos: Some(
                1788614764465134384,
            ),
            last_success_timestamp_nanos: Some(
                1788614764465134384,
            ),
            error: None,
        },
        SourceHealth {
            source: "sns-index",
            freshness: Fresh,
            last_attempt_timestamp_nanos: Some(
                1788614764465134384,
            ),
            last_success_timestamp_nanos: Some(
                1788614764465134384,
            ),
            error: None,
        },
    ],
    canisters: [
        CanisterObservation {
            role: StreamManager,
            canister_id: Principal {
                len: 10,
                bytes: [
                    255,
                    255,
                    255,
                    255,
                    255,
                    224,
                    0,
                    0,
                    1,
                    1,
                    0,
                    0,
                    0,
                    0,
                    0,
                    0,
                    0,
                    0,
                    0,
                    0,
                    0,
                    0,
                    0,
                    0,
                    0,
                    0,
                    0,
                    0,
                    0,
                ],
            },
            expected_module_hash: [
                6,
                29,
                8,
                56,
                218,
                126,
                171,
                5,
                81,
                206,
                212,
                134,
                34,
                122,
                232,
                90,
                221,
                190,
                178,
                161,
                195,
                13,
                70,
                32,
                97,
                0,
                62,
                170,
                106,
                163,
                206,
                180,
            ],
            observed_module_hash: Some(
                [
                    6,
                    29,
                    8,
                    56,
                    218,
                    126,
                    171,
                    5,
                    81,
                    206,
                    212,
                    134,
                    34,
                    122,
                    232,
                    90,
                    221,
                    190,
                    178,
                    161,
                    195,
                    13,
                    70,
                    32,
                    97,
                    0,
                    62,
                    170,
                    106,
                    163,
                    206,
                    180,
                ],
            ),
            module_match: Matching,
            controllers: Some(
                [
                    Principal {
                        len: 10,
                        bytes: [
                            255,
                            255,
                            255,
                            255,
                            255,
                            208,
                            0,
                            0,
                            1,
                            1,
                            0,
                            0,
                            0,
                            0,
                            0,
                            0,
                            0,
                            0,
                            0,
                            0,
                            0,
                            0,
                            0,
                            0,
                            0,
                            0,
                            0,
                            0,
                            0,
                        ],
                    },
                ],
            ),
            observed_at_timestamp_nanos: 1788614764465134384,
        },
        CanisterObservation {
            role: NnsManager,
            canister_id: Principal {
                len: 10,
                bytes: [
                    255,
                    255,
                    255,
                    255,
                    255,
                    224,
                    0,
                    1,
                    1,
                    1,
                    0,
                    0,
                    0,
                    0,
                    0,
                    0,
                    0,
                    0,
                    0,
                    0,
                    0,
                    0,
                    0,
                    0,
                    0,
                    0,
                    0,
                    0,
                    0,
                ],
            },
            expected_module_hash: [
                250,
                218,
                233,
                62,
                205,
                252,
                37,
                184,
                78,
                209,
                193,
                134,
                75,
                20,
                197,
                24,
                189,
                97,
                176,
                123,
                123,
                143,
                32,
                149,
                17,
                60,
                88,
                154,
                92,
                139,
                186,
                101,
            ],
            observed_module_hash: Some(
                [
                    250,
                    218,
                    233,
                    62,
                    205,
                    252,
                    37,
                    184,
                    78,
                    209,
                    193,
                    134,
                    75,
                    20,
                    197,
                    24,
                    189,
                    97,
                    176,
                    123,
                    123,
                    143,
                    32,
                    149,
                    17,
                    60,
                    88,
                    154,
                    92,
                    139,
                    186,
                    101,
                ],
            ),
            module_match: Matching,
            controllers: Some(
                [
                    Principal {
                        len: 10,
                        bytes: [
                            255,
                            255,
                            255,
                            255,
                            255,
                            208,
                            0,
                            0,
                            1,
                            1,
                            0,
                            0,
                            0,
                            0,
                            0,
                            0,
                            0,
                            0,
                            0,
                            0,
                            0,
                            0,
                            0,
                            0,
                            0,
                            0,
                            0,
                            0,
                            0,
                        ],
                    },
                ],
            ),
            observed_at_timestamp_nanos: 1788614764465134384,
        },
        CanisterObservation {
            role: Historian,
            canister_id: Principal {
                len: 10,
                bytes: [
                    255,
                    255,
                    255,
                    255,
                    255,
                    224,
                    0,
                    2,
                    1,
                    1,
                    0,
                    0,
                    0,
                    0,
                    0,
                    0,
                    0,
                    0,
                    0,
                    0,
                    0,
                    0,
                    0,
                    0,
                    0,
                    0,
                    0,
                    0,
                    0,
                ],
            },
            expected_module_hash: [
                7,
                196,
                248,
                17,
                156,
                168,
                155,
                129,
                253,
                72,
                183,
                166,
                190,
                25,
                84,
                101,
                209,
                95,
                114,
                238,
                233,
                184,
                251,
                151,
                221,
                108,
                107,
                91,
                196,
                213,
                34,
                149,
            ],
            observed_module_hash: Some(
                [
                    7,
                    196,
                    248,
                    17,
                    156,
                    168,
                    155,
                    129,
                    253,
                    72,
                    183,
                    166,
                    190,
                    25,
                    84,
                    101,
                    209,
                    95,
                    114,
                    238,
                    233,
                    184,
                    251,
                    151,
                    221,
                    108,
                    107,
                    91,
                    196,
                    213,
                    34,
                    149,
                ],
            ),
            module_match: Matching,
            controllers: Some(
                [
                    Principal {
                        len: 10,
                        bytes: [
                            255,
                            255,
                            255,
                            255,
                            255,
                            208,
                            0,
                            0,
                            1,
                            1,
                            0,
                            0,
                            0,
                            0,
                            0,
                            0,
                            0,
                            0,
                            0,
                            0,
                            0,
                            0,
                            0,
                            0,
                            0,
                            0,
                            0,
                            0,
                            0,
                        ],
                    },
                ],
            ),
            observed_at_timestamp_nanos: 1788614764465134384,
        },
        CanisterObservation {
            role: Frontend,
            canister_id: Principal {
                len: 10,
                bytes: [
                    255,
                    255,
                    255,
                    255,
                    255,
                    224,
                    0,
                    3,
                    1,
                    1,
                    0,
                    0,
                    0,
                    0,
                    0,
                    0,
                    0,
                    0,
                    0,
                    0,
                    0,
                    0,
                    0,
                    0,
                    0,
                    0,
                    0,
                    0,
                    0,
                ],
            },
            expected_module_hash: [
                65,
                219,
                234,
                156,
                124,
                208,
                151,
                208,
                28,
                54,
                167,
                227,
                89,
                218,
                32,
                191,
                92,
                100,
                159,
                123,
                106,
                115,
                74,
                248,
                30,
                224,
                69,
                26,
                27,
                122,
                158,
                88,
            ],
            observed_module_hash: Some(
                [
                    65,
                    219,
                    234,
                    156,
                    124,
                    208,
                    151,
                    208,
                    28,
                    54,
                    167,
                    227,
                    89,
                    218,
                    32,
                    191,
                    92,
                    100,
                    159,
                    123,
                    106,
                    115,
                    74,
                    248,
                    30,
                    224,
                    69,
                    26,
                    27,
                    122,
                    158,
                    88,
                ],
            ),
            module_match: Matching,
            controllers: Some(
                [
                    Principal {
                        len: 10,
                        bytes: [
                            255,
                            255,
                            255,
                            255,
                            255,
                            208,
                            0,
                            0,
                            1,
                            1,
                            0,
                            0,
                            0,
                            0,
                            0,
                            0,
                            0,
                            0,
                            0,
                            0,
                            0,
                            0,
                            0,
                            0,
                            0,
                            0,
                            0,
                            0,
                            0,
                        ],
                    },
                ],
            ),
            observed_at_timestamp_nanos: 1788614764465134384,
        },
        CanisterObservation {
            role: SnsGovernance,
            canister_id: Principal {
                len: 10,
                bytes: [
                    255,
                    255,
                    255,
                    255,
                    255,
                    208,
                    0,
                    1,
                    1,
                    1,
                    0,
                    0,
                    0,
                    0,
                    0,
                    0,
                    0,
                    0,
                    0,
                    0,
                    0,
                    0,
                    0,
                    0,
                    0,
                    0,
                    0,
                    0,
                    0,
                ],
            },
            expected_module_hash: [
                230,
                59,
                253,
                71,
                107,
                213,
                120,
                73,
                253,
                12,
                140,
                16,
                18,
                186,
                222,
                34,
                114,
                100,
                171,
                7,
                158,
                158,
                188,
                97,
                121,
                91,
                150,
                158,
                22,
                223,
                10,
                164,
            ],
            observed_module_hash: Some(
                [
                    230,
                    59,
                    253,
                    71,
                    107,
                    213,
                    120,
                    73,
                    253,
                    12,
                    140,
                    16,
                    18,
                    186,
                    222,
                    34,
                    114,
                    100,
                    171,
                    7,
                    158,
                    158,
                    188,
                    97,
                    121,
                    91,
                    150,
                    158,
                    22,
                    223,
                    10,
                    164,
                ],
            ),
            module_match: Matching,
            controllers: Some(
                [
                    Principal {
                        len: 10,
                        bytes: [
                            255,
                            255,
                            255,
                            255,
                            255,
                            208,
                            0,
                            0,
                            1,
                            1,
                            0,
                            0,
                            0,
                            0,
                            0,
                            0,
                            0,
                            0,
                            0,
                            0,
                            0,
                            0,
                            0,
                            0,
                            0,
                            0,
                            0,
                            0,
                            0,
                        ],
                    },
                ],
            ),
            observed_at_timestamp_nanos: 1788614764465134384,
        },
        CanisterObservation {
            role: SnsRoot,
            canister_id: Principal {
                len: 10,
                bytes: [
                    255,
                    255,
                    255,
                    255,
                    255,
                    208,
                    0,
                    0,
                    1,
                    1,
                    0,
                    0,
                    0,
                    0,
                    0,
                    0,
                    0,
                    0,
                    0,
                    0,
                    0,
                    0,
                    0,
                    0,
                    0,
                    0,
                    0,
                    0,
                    0,
                ],
            },
            expected_module_hash: [
                90,
                199,
                117,
                175,
                116,
                133,
                232,
                203,
                32,
                189,
                73,
                221,
                54,
                138,
                42,
                33,
                248,
                110,
                23,
                74,
                107,
                186,
                184,
                193,
                231,
                39,
                139,
                171,
                234,
                224,
                111,
                131,
            ],
            observed_module_hash: Some(
                [
                    90,
                    199,
                    117,
                    175,
                    116,
                    133,
                    232,
                    203,
                    32,
                    189,
                    73,
                    221,
                    54,
                    138,
                    42,
                    33,
                    248,
                    110,
                    23,
                    74,
                    107,
                    186,
                    184,
                    193,
                    231,
                    39,
                    139,
                    171,
                    234,
                    224,
                    111,
                    131,
                ],
            ),
            module_match: Matching,
            controllers: Some(
                [
                    Principal {
                        len: 10,
                        bytes: [
                            255,
                            255,
                            255,
                            255,
                            255,
                            208,
                            0,
                            1,
                            1,
                            1,
                            0,
                            0,
                            0,
                            0,
                            0,
                            0,
                            0,
                            0,
                            0,
                            0,
                            0,
                            0,
                            0,
                            0,
                            0,
                            0,
                            0,
                            0,
                            0,
                        ],
                    },
                ],
            ),
            observed_at_timestamp_nanos: 1788614764465134384,
        },
        CanisterObservation {
            role: SnsLedger,
            canister_id: Principal {
                len: 10,
                bytes: [
                    255,
                    255,
                    255,
                    255,
                    255,
                    208,
                    0,
                    2,
                    1,
                    1,
                    0,
                    0,
                    0,
                    0,
                    0,
                    0,
                    0,
                    0,
                    0,
                    0,
                    0,
                    0,
                    0,
                    0,
                    0,
                    0,
                    0,
                    0,
                    0,
                ],
            },
            expected_module_hash: [
                53,
                77,
                214,
                236,
                253,
                199,
                43,
                84,
                9,
                128,
                91,
                49,
                222,
                162,
                44,
                157,
                177,
                29,
                246,
                225,
                64,
                149,
                165,
                166,
                137,
                36,
                235,
                99,
                83,
                94,
                109,
                138,
            ],
            observed_module_hash: Some(
                [
                    53,
                    77,
                    214,
                    236,
                    253,
                    199,
                    43,
                    84,
                    9,
                    128,
                    91,
                    49,
                    222,
                    162,
                    44,
                    157,
                    177,
                    29,
                    246,
                    225,
                    64,
                    149,
                    165,
                    166,
                    137,
                    36,
                    235,
                    99,
                    83,
                    94,
                    109,
                    138,
                ],
            ),
            module_match: Matching,
            controllers: Some(
                [
                    Principal {
                        len: 10,
                        bytes: [
                            255,
                            255,
                            255,
                            255,
                            255,
                            208,
                            0,
                            0,
                            1,
                            1,
                            0,
                            0,
                            0,
                            0,
                            0,
                            0,
                            0,
                            0,
                            0,
                            0,
                            0,
                            0,
                            0,
                            0,
                            0,
                            0,
                            0,
                            0,
                            0,
                        ],
                    },
                ],
            ),
            observed_at_timestamp_nanos: 1788614764465134384,
        },
        CanisterObservation {
            role: SnsIndex,
            canister_id: Principal {
                len: 10,
                bytes: [
                    255,
                    255,
                    255,
                    255,
                    255,
                    208,
                    0,
                    4,
                    1,
                    1,
                    0,
                    0,
                    0,
                    0,
                    0,
                    0,
                    0,
                    0,
                    0,
                    0,
                    0,
                    0,
                    0,
                    0,
                    0,
                    0,
                    0,
                    0,
                    0,
                ],
            },
            expected_module_hash: [
                218,
                182,
                128,
                141,
                13,
                252,
                6,
                229,
                232,
                131,
                54,
                208,
                195,
                211,
                228,
                94,
                84,
                72,
                198,
                227,
                108,
                42,
                120,
                31,
                62,
                158,
                9,
                189,
                69,
                15,
                82,
                140,
            ],
            observed_module_hash: Some(
                [
                    218,
                    182,
                    128,
                    141,
                    13,
                    252,
                    6,
                    229,
                    232,
                    131,
                    54,
                    208,
                    195,
                    211,
                    228,
                    94,
                    84,
                    72,
                    198,
                    227,
                    108,
                    42,
                    120,
                    31,
                    62,
                    158,
                    9,
                    189,
                    69,
                    15,
                    82,
                    140,
                ],
            ),
            module_match: Matching,
            controllers: Some(
                [
                    Principal {
                        len: 10,
                        bytes: [
                            255,
                            255,
                            255,
                            255,
                            255,
                            208,
                            0,
                            0,
                            1,
                            1,
                            0,
                            0,
                            0,
                            0,
                            0,
                            0,
                            0,
                            0,
                            0,
                            0,
                            0,
                            0,
                            0,
                            0,
                            0,
                            0,
                            0,
                            0,
                            0,
                        ],
                    },
                ],
            ),
            observed_at_timestamp_nanos: 1788614764465134384,
        },
        CanisterObservation {
            role: SnsSwap,
            canister_id: Principal {
                len: 10,
                bytes: [
                    255,
                    255,
                    255,
                    255,
                    255,
                    208,
                    0,
                    3,
                    1,
                    1,
                    0,
                    0,
                    0,
                    0,
                    0,
                    0,
                    0,
                    0,
                    0,
                    0,
                    0,
                    0,
                    0,
                    0,
                    0,
                    0,
                    0,
                    0,
                    0,
                ],
            },
            expected_module_hash: [
                218,
                215,
                215,
                4,
                113,
                150,
                21,
                249,
                220,
                81,
                101,
                206,
                25,
                91,
                87,
                171,
                250,
                117,
                167,
                18,
                3,
                77,
                112,
                60,
                93,
                70,
                166,
                174,
                194,
                103,
                189,
                208,
            ],
            observed_module_hash: Some(
                [
                    218,
                    215,
                    215,
                    4,
                    113,
                    150,
                    21,
                    249,
                    220,
                    81,
                    101,
                    206,
                    25,
                    91,
                    87,
                    171,
                    250,
                    117,
                    167,
                    18,
                    3,
                    77,
                    112,
                    60,
                    93,
                    70,
                    166,
                    174,
                    194,
                    103,
                    189,
                    208,
                ],
            ),
            module_match: Matching,
            controllers: Some(
                [
                    Principal {
                        len: 10,
                        bytes: [
                            255,
                            255,
                            255,
                            255,
                            255,
                            208,
                            0,
                            0,
                            1,
                            1,
                            0,
                            0,
                            0,
                            0,
                            0,
                            0,
                            0,
                            0,
                            0,
                            0,
                            0,
                            0,
                            0,
                            0,
                            0,
                            0,
                            0,
                            0,
                            0,
                        ],
                    },
                ],
            ),
            observed_at_timestamp_nanos: 1788614764465134384,
        },
    ],
    stream: Some(
        StreamStatus {
            lifecycle: Ready,
            operation_kind: None,
            operation_phase: None,
            latest_entitlement_batch_generation: 0,
            latest_processed_reward_event: Some(
                RewardEventId {
                    end_timestamp_seconds: 1788614099,
                    round: 2,
                },
            ),
            latest_reward_event_classification: Some(
                ProposalBearing,
            ),
            accumulated_eligible_credit: 666666667111111111,
            accumulated_policy_credit: 2000000000000000000,
            processed_reward_event_count: 2,
            missed_reward_event_count: 0,
            reward_work_due: false,
            reward_processing_paused: false,
            governance_parameters_fresh: true,
            pending_entitlement_batch_eligible_credit: None,
            pending_entitlement_batch_policy_credit: None,
            latest_reconciliation_checkpoint: Some(
                ReconciliationProjection {
                    generation: 5,
                    observed_at_nanos: 1788614702114662181,
                    claim_supply_e8s: 20000079960000,
                    liquid_backing_e8s: 50000149899251,
                    pooled_backing_e8s: 49999750101249,
                    unwinding_backing_e8s: 0,
                    transit_backing_e8s: 0,
                    total_claim_backing_e8s: 99999900000500,
                    active_backing_io_e8s: 10000000000000,
                    active_reward_io_e8s: 10000000000000,
                    live_cohort_count: 0,
                    oldest_ready_at_seconds: None,
                    pooled_target_e8s: 49999750101249,
                    observed_pooled_e8s: 49999750101249,
                },
            ),
            observed_at_timestamp_nanos: 1788614764465134384,
        },
    ),
    nns_manager: Some(
        NnsManagerStatus {
            lifecycle: Ready,
            active_operation: None,
            permanent_maturity_baseline_reconciled: true,
            latest_started_two_week_generation: 0,
            latest_completed_two_week_generation: 0,
            latest_pooled_target: Some(
                PooledTargetObservation {
                    target_e8s: 49999750101249,
                    status: AtTarget,
                },
            ),
            live_child_physical_principal_e8s: 0,
            live_child_net_backing_e8s: 0,
            live_child_committed_fee_liability_e8s: 0,
            observed_at_timestamp_nanos: 1788614764465134384,
        },
    ),
    nns_governance: Some(
        NnsGovernanceStatus {
            build_metadata: "profile: release\noptimization_level: 3\ncrate_name: build_script\nenabled_features: \ncompiler_version: 1.93.1\n",
            neurons: [
                NnsNeuronObservation {
                    role: TwoYearProtected,
                    neuron_id: 18261782480786375607,
                    stake_e8s: 100000000,
                    staked_maturity_e8s: Some(
                        0,
                    ),
                    dissolve_delay_seconds: 63115200,
                    state: 1,
                },
            ],
            observed_at_timestamp_nanos: 1788614764465134384,
        },
    ),
    sns: Some(
        SnsStatus {
            max_number_of_neurons: Some(
                1000,
            ),
            native_initial_reward_rate_basis_points: Some(
                0,
            ),
            native_final_reward_rate_basis_points: Some(
                0,
            ),
            latest_reward_event_round: Some(
                2,
            ),
            latest_reward_event_end_timestamp_seconds: Some(
                1788614099,
            ),
            settled_proposal_count: Some(
                4,
            ),
            reward_share_capability: ExpectedGovernanceModuleMatching,
            archive_canisters: [],
            observed_at_timestamp_nanos: 1788614764465134384,
        },
    ),
    index: Some(
        IndexStatus {
            num_blocks_synced: 10,
            accounts: [
                AccountHistoryObservation {
                    name: "protocol-reserve",
                    account: Account {
                        owner: Principal {
                            len: 10,
                            bytes: [
                                255,
                                255,
                                255,
                                255,
                                255,
                                224,
                                0,
                                0,
                                1,
                                1,
                                0,
                                0,
                                0,
                                0,
                                0,
                                0,
                                0,
                                0,
                                0,
                                0,
                                0,
                                0,
                                0,
                                0,
                                0,
                                0,
                                0,
                                0,
                                0,
                            ],
                        },
                        subaccount: Some(
                            Subaccount(
                                [
                                    1,
                                    1,
                                    1,
                                    1,
                                    1,
                                    1,
                                    1,
                                    1,
                                    1,
                                    1,
                                    1,
                                    1,
                                    1,
                                    1,
                                    1,
                                    1,
                                    1,
                                    1,
                                    1,
                                    1,
                                    1,
                                    1,
                                    1,
                                    1,
                                    1,
                                    1,
                                    1,
                                    1,
                                    1,
                                    1,
                                    1,
                                    1,
                                ],
                            ),
                        ),
                    },
                    index_balance_e8s: 10020000000,
                    newest_transaction_id: Some(
                        9,
                    ),
                    oldest_transaction_id: Some(
                        6,
                    ),
                    transactions: [
                        RecentTransaction {
                            block_index: 9,
                            kind: "transfer",
                            amount_e8s: Some(
                                20000000,
                            ),
                            from: Some(
                                Account {
                                    owner: Principal {
                                        len: 29,
                                        bytes: [
                                            160,
                                            89,
                                            186,
                                            243,
                                            46,
                                            154,
                                            56,
                                            116,
                                            115,
                                            112,
                                            155,
                                            31,
                                            154,
                                            175,
                                            6,
                                            142,
                                            5,
                                            189,
                                            247,
                                            84,
                                            148,
                                            116,
                                            190,
                                            127,
                                            161,
                                            10,
                                            39,
                                            73,
                                            2,
                                        ],
                                    },
                                    subaccount: None,
                                },
                            ),
                            to: Some(
                                Account {
                                    owner: Principal {
                                        len: 10,
                                        bytes: [
                                            255,
                                            255,
                                            255,
                                            255,
                                            255,
                                            224,
                                            0,
                                            0,
                                            1,
                                            1,
                                            0,
                                            0,
                                            0,
                                            0,
                                            0,
                                            0,
                                            0,
                                            0,
                                            0,
                                            0,
                                            0,
                                            0,
                                            0,
                                            0,
                                            0,
                                            0,
                                            0,
                                            0,
                                            0,
                                        ],
                                    },
                                    subaccount: Some(
                                        Subaccount(
                                            [
                                                1,
                                                1,
                                                1,
                                                1,
                                                1,
                                                1,
                                                1,
                                                1,
                                                1,
                                                1,
                                                1,
                                                1,
                                                1,
                                                1,
                                                1,
                                                1,
                                                1,
                                                1,
                                                1,
                                                1,
                                                1,
                                                1,
                                                1,
                                                1,
                                                1,
                                                1,
                                                1,
                                                1,
                                                1,
                                                1,
                                                1,
                                                1,
                                            ],
                                        ),
                                    ),
                                },
                            ),
                            timestamp_nanos: 1788441515519866139,
                        },
                        RecentTransaction {
                            block_index: 6,
                            kind: "transfer",
                            amount_e8s: Some(
                                10000000000,
                            ),
                            from: Some(
                                Account {
                                    owner: Principal {
                                        len: 10,
                                        bytes: [
                                            255,
                                            255,
                                            255,
                                            255,
                                            255,
                                            208,
                                            0,
                                            1,
                                            1,
                                            1,
                                            0,
                                            0,
                                            0,
                                            0,
                                            0,
                                            0,
                                            0,
                                            0,
                                            0,
                                            0,
                                            0,
                                            0,
                                            0,
                                            0,
                                            0,
                                            0,
                                            0,
                                            0,
                                            0,
                                        ],
                                    },
                                    subaccount: Some(
                                        Subaccount(
                                            [
                                                246,
                                                230,
                                                97,
                                                166,
                                                146,
                                                227,
                                                55,
                                                186,
                                                137,
                                                156,
                                                240,
                                                185,
                                                163,
                                                97,
                                                8,
                                                105,
                                                207,
                                                138,
                                                114,
                                                142,
                                                181,
                                                152,
                                                159,
                                                206,
                                                247,
                                                187,
                                                126,
                                                235,
                                                138,
                                                0,
                                                64,
                                                161,
                                            ],
                                        ),
                                    ),
                                },
                            ),
                            to: Some(
                                Account {
                                    owner: Principal {
                                        len: 10,
                                        bytes: [
                                            255,
                                            255,
                                            255,
                                            255,
                                            255,
                                            224,
                                            0,
                                            0,
                                            1,
                                            1,
                                            0,
                                            0,
                                            0,
                                            0,
                                            0,
                                            0,
                                            0,
                                            0,
                                            0,
                                            0,
                                            0,
                                            0,
                                            0,
                                            0,
                                            0,
                                            0,
                                            0,
                                            0,
                                            0,
                                        ],
                                    },
                                    subaccount: Some(
                                        Subaccount(
                                            [
                                                1,
                                                1,
                                                1,
                                                1,
                                                1,
                                                1,
                                                1,
                                                1,
                                                1,
                                                1,
                                                1,
                                                1,
                                                1,
                                                1,
                                                1,
                                                1,
                                                1,
                                                1,
                                                1,
                                                1,
                                                1,
                                                1,
                                                1,
                                                1,
                                                1,
                                                1,
                                                1,
                                                1,
                                                1,
                                                1,
                                                1,
                                                1,
                                            ],
                                        ),
                                    ),
                                },
                            ),
                            timestamp_nanos: 1788441496657426132,
                        },
                    ],
                },
                AccountHistoryObservation {
                    name: "sns-treasury",
                    account: Account {
                        owner: Principal {
                            len: 10,
                            bytes: [
                                255,
                                255,
                                255,
                                255,
                                255,
                                208,
                                0,
                                1,
                                1,
                                1,
                                0,
                                0,
                                0,
                                0,
                                0,
                                0,
                                0,
                                0,
                                0,
                                0,
                                0,
                                0,
                                0,
                                0,
                                0,
                                0,
                                0,
                                0,
                                0,
                            ],
                        },
                        subaccount: Some(
                            Subaccount(
                                [
                                    246,
                                    230,
                                    97,
                                    166,
                                    146,
                                    227,
                                    55,
                                    186,
                                    137,
                                    156,
                                    240,
                                    185,
                                    163,
                                    97,
                                    8,
                                    105,
                                    207,
                                    138,
                                    114,
                                    142,
                                    181,
                                    152,
                                    159,
                                    206,
                                    247,
                                    187,
                                    126,
                                    235,
                                    138,
                                    0,
                                    64,
                                    161,
                                ],
                            ),
                        ),
                    },
                    index_balance_e8s: 79989899980000,
                    newest_transaction_id: Some(
                        7,
                    ),
                    oldest_transaction_id: Some(
                        2,
                    ),
                    transactions: [
                        RecentTransaction {
                            block_index: 7,
                            kind: "transfer",
                            amount_e8s: Some(
                                100000000,
                            ),
                            from: Some(
                                Account {
                                    owner: Principal {
                                        len: 10,
                                        bytes: [
                                            255,
                                            255,
                                            255,
                                            255,
                                            255,
                                            208,
                                            0,
                                            1,
                                            1,
                                            1,
                                            0,
                                            0,
                                            0,
                                            0,
                                            0,
                                            0,
                                            0,
                                            0,
                                            0,
                                            0,
                                            0,
                                            0,
                                            0,
                                            0,
                                            0,
                                            0,
                                            0,
                                            0,
                                            0,
                                        ],
                                    },
                                    subaccount: Some(
                                        Subaccount(
                                            [
                                                246,
                                                230,
                                                97,
                                                166,
                                                146,
                                                227,
                                                55,
                                                186,
                                                137,
                                                156,
                                                240,
                                                185,
                                                163,
                                                97,
                                                8,
                                                105,
                                                207,
                                                138,
                                                114,
                                                142,
                                                181,
                                                152,
                                                159,
                                                206,
                                                247,
                                                187,
                                                126,
                                                235,
                                                138,
                                                0,
                                                64,
                                                161,
                                            ],
                                        ),
                                    ),
                                },
                            ),
                            to: Some(
                                Account {
                                    owner: Principal {
                                        len: 29,
                                        bytes: [
                                            160,
                                            89,
                                            186,
                                            243,
                                            46,
                                            154,
                                            56,
                                            116,
                                            115,
                                            112,
                                            155,
                                            31,
                                            154,
                                            175,
                                            6,
                                            142,
                                            5,
                                            189,
                                            247,
                                            84,
                                            148,
                                            116,
                                            190,
                                            127,
                                            161,
                                            10,
                                            39,
                                            73,
                                            2,
                                        ],
                                    },
                                    subaccount: None,
                                },
                            ),
                            timestamp_nanos: 1788441497264405380,
                        },
                        RecentTransaction {
                            block_index: 6,
                            kind: "transfer",
                            amount_e8s: Some(
                                10000000000,
                            ),
                            from: Some(
                                Account {
                                    owner: Principal {
                                        len: 10,
                                        bytes: [
                                            255,
                                            255,
                                            255,
                                            255,
                                            255,
                                            208,
                                            0,
                                            1,
                                            1,
                                            1,
                                            0,
                                            0,
                                            0,
                                            0,
                                            0,
                                            0,
                                            0,
                                            0,
                                            0,
                                            0,
                                            0,
                                            0,
                                            0,
                                            0,
                                            0,
                                            0,
                                            0,
                                            0,
                                            0,
                                        ],
                                    },
                                    subaccount: Some(
                                        Subaccount(
                                            [
                                                246,
                                                230,
                                                97,
                                                166,
                                                146,
                                                227,
                                                55,
                                                186,
                                                137,
                                                156,
                                                240,
                                                185,
                                                163,
                                                97,
                                                8,
                                                105,
                                                207,
                                                138,
                                                114,
                                                142,
                                                181,
                                                152,
                                                159,
                                                206,
                                                247,
                                                187,
                                                126,
                                                235,
                                                138,
                                                0,
                                                64,
                                                161,
                                            ],
                                        ),
                                    ),
                                },
                            ),
                            to: Some(
                                Account {
                                    owner: Principal {
                                        len: 10,
                                        bytes: [
                                            255,
                                            255,
                                            255,
                                            255,
                                            255,
                                            224,
                                            0,
                                            0,
                                            1,
                                            1,
                                            0,
                                            0,
                                            0,
                                            0,
                                            0,
                                            0,
                                            0,
                                            0,
                                            0,
                                            0,
                                            0,
                                            0,
                                            0,
                                            0,
                                            0,
                                            0,
                                            0,
                                            0,
                                            0,
                                        ],
                                    },
                                    subaccount: Some(
                                        Subaccount(
                                            [
                                                1,
                                                1,
                                                1,
                                                1,
                                                1,
                                                1,
                                                1,
                                                1,
                                                1,
                                                1,
                                                1,
                                                1,
                                                1,
                                                1,
                                                1,
                                                1,
                                                1,
                                                1,
                                                1,
                                                1,
                                                1,
                                                1,
                                                1,
                                                1,
                                                1,
                                                1,
                                                1,
                                                1,
                                                1,
                                                1,
                                                1,
                                                1,
                                            ],
                                        ),
                                    ),
                                },
                            ),
                            timestamp_nanos: 1788441496657426132,
                        },
                        RecentTransaction {
                            block_index: 2,
                            kind: "mint",
                            amount_e8s: Some(
                                80000000000000,
                            ),
                            from: None,
                            to: Some(
                                Account {
                                    owner: Principal {
                                        len: 10,
                                        bytes: [
                                            255,
                                            255,
                                            255,
                                            255,
                                            255,
                                            208,
                                            0,
                                            1,
                                            1,
                                            1,
                                            0,
                                            0,
                                            0,
                                            0,
                                            0,
                                            0,
                                            0,
                                            0,
                                            0,
                                            0,
                                            0,
                                            0,
                                            0,
                                            0,
                                            0,
                                            0,
                                            0,
                                            0,
                                            0,
                                        ],
                                    },
                                    subaccount: Some(
                                        Subaccount(
                                            [
                                                246,
                                                230,
                                                97,
                                                166,
                                                146,
                                                227,
                                                55,
                                                186,
                                                137,
                                                156,
                                                240,
                                                185,
                                                163,
                                                97,
                                                8,
                                                105,
                                                207,
                                                138,
                                                114,
                                                142,
                                                181,
                                                152,
                                                159,
                                                206,
                                                247,
                                                187,
                                                126,
                                                235,
                                                138,
                                                0,
                                                64,
                                                161,
                                            ],
                                        ),
                                    ),
                                },
                            ),
                            timestamp_nanos: 1788441308951131924,
                        },
                    ],
                },
            ],
            observed_at_timestamp_nanos: 1788614764465134384,
        },
    ),
}
command: env IO_POCKET_IC_SERVER_URL=http://127.0.0.1:33693 IO_POCKET_IC_INSTANCE_ID=0 IO_LOCAL_SNS_GOVERNANCE_ID=7uieb-cx777-77776-qaaaq-cai IO_LOCAL_STREAM_MANAGER_ID=lxzze-o7777-77777-aaaaa-cai IO_LOCAL_HISTORIAN_ID=lz3um-vp777-77777-aaaba-cai IO_LOCAL_HISTORIAN_SETTLE_SECONDS=60 IO_LOCAL_REWARD_ADVANCE_SECONDS=86400 IO_LOCAL_REWARD_RESUME=1 IO_LOCAL_REWARD_CANONICAL_TWO_EVENT=1 IO_LOCAL_REWARD_PROPOSER_PRINCIPAL=i55lg-5valg-5pglu-2hb2h-g4e3d-6nk6b-uoaw6-7oveu-os7h7-iike5-eqe IO_LOCAL_REWARD_NEURON_SUBACCOUNT_HEX=4b5e9bf4accce8125737ee07918deed995879aeaa13c02b8c726d8e13b5c11d1 cargo run -p e2e-real-canisters --bin observe_existing_reward
exit_status=0
